week_num,week_num_int,start_date,end_date,strib_age_group,age_group_cases,total_weekly_cases,pct_cases,age_group_deaths,total_weekly_deaths,pct_deaths
2020-10,10,2020-03-01,2020-03-08,50-59,1,2.0,0.5,0.0,0.0,
2020-10,10,2020-03-01,2020-03-08,70-79,1,2.0,0.5,0.0,0.0,
2020-11,11,2020-03-08,2020-03-15,10-14,1,88.0,0.011,0.0,0.0,
2020-11,11,2020-03-08,2020-03-15,15-19,1,88.0,0.011,0.0,0.0,
2020-11,11,2020-03-08,2020-03-15,20-29,17,88.0,0.193,0.0,0.0,
2020-11,11,2020-03-08,2020-03-15,30-39,15,88.0,0.17,0.0,0.0,
2020-11,11,2020-03-08,2020-03-15,40-49,15,88.0,0.17,0.0,0.0,
2020-11,11,2020-03-08,2020-03-15,50-59,22,88.0,0.25,0.0,0.0,
2020-11,11,2020-03-08,2020-03-15,60-69,10,88.0,0.114,0.0,0.0,
2020-11,11,2020-03-08,2020-03-15,70-79,5,88.0,0.057,0.0,0.0,
2020-11,11,2020-03-08,2020-03-15,80-89,1,88.0,0.011,0.0,0.0,
2020-11,11,2020-03-08,2020-03-15,90+,1,88.0,0.011,0.0,0.0,
2020-12,12,2020-03-15,2020-03-22,0-4,1,237.0,0.004,0.0,1.0,0.0
2020-12,12,2020-03-15,2020-03-22,10-14,1,237.0,0.004,0.0,1.0,0.0
2020-12,12,2020-03-15,2020-03-22,15-19,5,237.0,0.021,0.0,1.0,0.0
2020-12,12,2020-03-15,2020-03-22,20-29,60,237.0,0.253,0.0,1.0,0.0
2020-12,12,2020-03-15,2020-03-22,30-39,45,237.0,0.19,0.0,1.0,0.0
2020-12,12,2020-03-15,2020-03-22,40-49,37,237.0,0.156,0.0,1.0,0.0
2020-12,12,2020-03-15,2020-03-22,50-59,33,237.0,0.139,0.0,1.0,0.0
2020-12,12,2020-03-15,2020-03-22,60-69,30,237.0,0.127,0.0,1.0,0.0
2020-12,12,2020-03-15,2020-03-22,70-79,15,237.0,0.063,0.0,1.0,0.0
2020-12,12,2020-03-15,2020-03-22,80-89,8,237.0,0.034,1.0,1.0,1.0
2020-12,12,2020-03-15,2020-03-22,90+,2,237.0,0.008,0.0,1.0,0.0
2020-13,13,2020-03-22,2020-03-29,0-4,1,361.0,0.003,0.0,8.0,0.0
2020-13,13,2020-03-22,2020-03-29,10-14,2,361.0,0.006,0.0,8.0,0.0
2020-13,13,2020-03-22,2020-03-29,15-19,7,361.0,0.019,0.0,8.0,0.0
2020-13,13,2020-03-22,2020-03-29,20-29,59,361.0,0.163,0.0,8.0,0.0
2020-13,13,2020-03-22,2020-03-29,30-39,55,361.0,0.152,0.0,8.0,0.0
2020-13,13,2020-03-22,2020-03-29,40-49,53,361.0,0.147,0.0,8.0,0.0
2020-13,13,2020-03-22,2020-03-29,5-9,3,361.0,0.008,0.0,8.0,0.0
2020-13,13,2020-03-22,2020-03-29,50-59,68,361.0,0.188,1.0,8.0,0.125
2020-13,13,2020-03-22,2020-03-29,60-69,50,361.0,0.139,0.0,8.0,0.0
2020-13,13,2020-03-22,2020-03-29,70-79,26,361.0,0.072,1.0,8.0,0.125
2020-13,13,2020-03-22,2020-03-29,80-89,26,361.0,0.072,5.0,8.0,0.625
2020-13,13,2020-03-22,2020-03-29,90+,11,361.0,0.03,1.0,8.0,0.125
2020-14,14,2020-03-29,2020-04-05,0-4,2,473.0,0.004,0.0,20.0,0.0
2020-14,14,2020-03-29,2020-04-05,10-14,1,473.0,0.002,0.0,20.0,0.0
2020-14,14,2020-03-29,2020-04-05,15-19,5,473.0,0.011,0.0,20.0,0.0
2020-14,14,2020-03-29,2020-04-05,20-29,67,473.0,0.142,0.0,20.0,0.0
2020-14,14,2020-03-29,2020-04-05,30-39,60,473.0,0.127,0.0,20.0,0.0
2020-14,14,2020-03-29,2020-04-05,40-49,70,473.0,0.148,0.0,20.0,0.0
2020-14,14,2020-03-29,2020-04-05,5-9,1,473.0,0.002,0.0,20.0,0.0
2020-14,14,2020-03-29,2020-04-05,50-59,82,473.0,0.173,0.0,20.0,0.0
2020-14,14,2020-03-29,2020-04-05,60-69,73,473.0,0.154,3.0,20.0,0.15
2020-14,14,2020-03-29,2020-04-05,70-79,46,473.0,0.097,3.0,20.0,0.15
2020-14,14,2020-03-29,2020-04-05,80-89,45,473.0,0.095,10.0,20.0,0.5
2020-14,14,2020-03-29,2020-04-05,90+,21,473.0,0.044,4.0,20.0,0.2
2020-15,15,2020-04-05,2020-04-12,0-4,2,650.0,0.003,0.0,41.0,0.0
2020-15,15,2020-04-05,2020-04-12,10-14,4,650.0,0.006,0.0,41.0,0.0
2020-15,15,2020-04-05,2020-04-12,15-19,10,650.0,0.015,0.0,41.0,0.0
2020-15,15,2020-04-05,2020-04-12,20-29,58,650.0,0.089,0.0,41.0,0.0
2020-15,15,2020-04-05,2020-04-12,30-39,83,650.0,0.128,0.0,41.0,0.0
2020-15,15,2020-04-05,2020-04-12,40-49,95,650.0,0.146,0.0,41.0,0.0
2020-15,15,2020-04-05,2020-04-12,5-9,2,650.0,0.003,0.0,41.0,0.0
2020-15,15,2020-04-05,2020-04-12,50-59,114,650.0,0.175,1.0,41.0,0.024
2020-15,15,2020-04-05,2020-04-12,60-69,91,650.0,0.14,4.0,41.0,0.098
2020-15,15,2020-04-05,2020-04-12,70-79,69,650.0,0.106,4.0,41.0,0.098
2020-15,15,2020-04-05,2020-04-12,80-89,70,650.0,0.108,13.0,41.0,0.317
2020-15,15,2020-04-05,2020-04-12,90+,52,650.0,0.08,19.0,41.0,0.463
2020-16,16,2020-04-12,2020-04-19,0-4,6,999.0,0.006,0.0,64.0,0.0
2020-16,16,2020-04-12,2020-04-19,10-14,7,999.0,0.007,0.0,64.0,0.0
2020-16,16,2020-04-12,2020-04-19,15-19,21,999.0,0.021,0.0,64.0,0.0
2020-16,16,2020-04-12,2020-04-19,20-29,130,999.0,0.13,0.0,64.0,0.0
2020-16,16,2020-04-12,2020-04-19,30-39,141,999.0,0.141,0.0,64.0,0.0
2020-16,16,2020-04-12,2020-04-19,40-49,121,999.0,0.121,0.0,64.0,0.0
2020-16,16,2020-04-12,2020-04-19,5-9,2,999.0,0.002,0.0,64.0,0.0
2020-16,16,2020-04-12,2020-04-19,50-59,159,999.0,0.159,2.0,64.0,0.031
2020-16,16,2020-04-12,2020-04-19,60-69,125,999.0,0.125,8.0,64.0,0.125
2020-16,16,2020-04-12,2020-04-19,70-79,91,999.0,0.091,20.0,64.0,0.312
2020-16,16,2020-04-12,2020-04-19,80-89,120,999.0,0.12,17.0,64.0,0.266
2020-16,16,2020-04-12,2020-04-19,90+,76,999.0,0.076,17.0,64.0,0.266
2020-17,17,2020-04-19,2020-04-26,0-4,19,2377.0,0.008,0.0,138.0,0.0
2020-17,17,2020-04-19,2020-04-26,10-14,18,2377.0,0.008,0.0,138.0,0.0
2020-17,17,2020-04-19,2020-04-26,15-19,65,2377.0,0.027,0.0,138.0,0.0
2020-17,17,2020-04-19,2020-04-26,20-29,379,2377.0,0.159,0.0,138.0,0.0
2020-17,17,2020-04-19,2020-04-26,30-39,479,2377.0,0.202,0.0,138.0,0.0
2020-17,17,2020-04-19,2020-04-26,40-49,427,2377.0,0.18,1.0,138.0,0.007
2020-17,17,2020-04-19,2020-04-26,5-9,11,2377.0,0.005,0.0,138.0,0.0
2020-17,17,2020-04-19,2020-04-26,50-59,383,2377.0,0.161,7.0,138.0,0.051
2020-17,17,2020-04-19,2020-04-26,60-69,223,2377.0,0.094,17.0,138.0,0.123
2020-17,17,2020-04-19,2020-04-26,70-79,141,2377.0,0.059,27.0,138.0,0.196
2020-17,17,2020-04-19,2020-04-26,80-89,148,2377.0,0.062,51.0,138.0,0.37
2020-17,17,2020-04-19,2020-04-26,90+,84,2377.0,0.035,35.0,138.0,0.254
2020-18,18,2020-04-26,2020-05-03,0-4,35,3972.0,0.009,0.0,147.0,0.0
2020-18,18,2020-04-26,2020-05-03,10-14,39,3972.0,0.01,0.0,147.0,0.0
2020-18,18,2020-04-26,2020-05-03,15-19,152,3972.0,0.038,0.0,147.0,0.0
2020-18,18,2020-04-26,2020-05-03,20-29,783,3972.0,0.197,0.0,147.0,0.0
2020-18,18,2020-04-26,2020-05-03,30-39,864,3972.0,0.218,1.0,147.0,0.007
2020-18,18,2020-04-26,2020-05-03,40-49,656,3972.0,0.165,3.0,147.0,0.02
2020-18,18,2020-04-26,2020-05-03,5-9,29,3972.0,0.007,0.0,147.0,0.0
2020-18,18,2020-04-26,2020-05-03,50-59,609,3972.0,0.153,7.0,147.0,0.048
2020-18,18,2020-04-26,2020-05-03,60-69,356,3972.0,0.09,20.0,147.0,0.136
2020-18,18,2020-04-26,2020-05-03,70-79,192,3972.0,0.048,42.0,147.0,0.286
2020-18,18,2020-04-26,2020-05-03,80-89,153,3972.0,0.039,34.0,147.0,0.231
2020-18,18,2020-04-26,2020-05-03,90+,104,3972.0,0.026,40.0,147.0,0.272
2020-19,19,2020-05-03,2020-05-10,0-4,69,4272.0,0.016,0.0,158.0,0.0
2020-19,19,2020-05-03,2020-05-10,10-14,74,4272.0,0.017,0.0,158.0,0.0
2020-19,19,2020-05-03,2020-05-10,15-19,213,4272.0,0.05,0.0,158.0,0.0
2020-19,19,2020-05-03,2020-05-10,20-29,809,4272.0,0.189,0.0,158.0,0.0
2020-19,19,2020-05-03,2020-05-10,30-39,914,4272.0,0.214,0.0,158.0,0.0
2020-19,19,2020-05-03,2020-05-10,40-49,665,4272.0,0.156,2.0,158.0,0.013
2020-19,19,2020-05-03,2020-05-10,5-9,48,4272.0,0.011,0.0,158.0,0.0
2020-19,19,2020-05-03,2020-05-10,50-59,614,4272.0,0.144,10.0,158.0,0.063
2020-19,19,2020-05-03,2020-05-10,60-69,362,4272.0,0.085,14.0,158.0,0.089
2020-19,19,2020-05-03,2020-05-10,70-79,220,4272.0,0.051,33.0,158.0,0.209
2020-19,19,2020-05-03,2020-05-10,80-89,176,4272.0,0.041,61.0,158.0,0.386
2020-19,19,2020-05-03,2020-05-10,90+,108,4272.0,0.025,39.0,158.0,0.247
2020-20,20,2020-05-10,2020-05-17,0-4,86,4390.0,0.02,0.0,144.0,0.0
2020-20,20,2020-05-10,2020-05-17,10-14,80,4390.0,0.018,0.0,144.0,0.0
2020-20,20,2020-05-10,2020-05-17,15-19,216,4390.0,0.049,0.0,144.0,0.0
2020-20,20,2020-05-10,2020-05-17,20-29,802,4390.0,0.183,0.0,144.0,0.0
2020-20,20,2020-05-10,2020-05-17,30-39,925,4390.0,0.211,2.0,144.0,0.014
2020-20,20,2020-05-10,2020-05-17,40-49,688,4390.0,0.157,1.0,144.0,0.007
2020-20,20,2020-05-10,2020-05-17,5-9,76,4390.0,0.017,0.0,144.0,0.0
2020-20,20,2020-05-10,2020-05-17,50-59,589,4390.0,0.134,8.0,144.0,0.056
2020-20,20,2020-05-10,2020-05-17,60-69,376,4390.0,0.086,12.0,144.0,0.083
2020-20,20,2020-05-10,2020-05-17,70-79,217,4390.0,0.049,28.0,144.0,0.194
2020-20,20,2020-05-10,2020-05-17,80-89,211,4390.0,0.048,53.0,144.0,0.368
2020-20,20,2020-05-10,2020-05-17,90+,124,4390.0,0.028,40.0,144.0,0.278
2020-21,21,2020-05-17,2020-05-24,0-4,110,5087.0,0.022,0.0,147.0,0.0
2020-21,21,2020-05-17,2020-05-24,10-14,119,5087.0,0.023,0.0,147.0,0.0
2020-21,21,2020-05-17,2020-05-24,15-19,273,5087.0,0.054,0.0,147.0,0.0
2020-21,21,2020-05-17,2020-05-24,20-29,1045,5087.0,0.205,0.0,147.0,0.0
2020-21,21,2020-05-17,2020-05-24,30-39,1005,5087.0,0.198,1.0,147.0,0.007
2020-21,21,2020-05-17,2020-05-24,40-49,822,5087.0,0.162,1.0,147.0,0.007
2020-21,21,2020-05-17,2020-05-24,5-9,86,5087.0,0.017,0.0,147.0,0.0
2020-21,21,2020-05-17,2020-05-24,50-59,658,5087.0,0.129,8.0,147.0,0.054
2020-21,21,2020-05-17,2020-05-24,60-69,392,5087.0,0.077,21.0,147.0,0.143
2020-21,21,2020-05-17,2020-05-24,70-79,218,5087.0,0.043,22.0,147.0,0.15
2020-21,21,2020-05-17,2020-05-24,80-89,224,5087.0,0.044,50.0,147.0,0.34
2020-21,21,2020-05-17,2020-05-24,90+,135,5087.0,0.027,44.0,147.0,0.299
2020-22,22,2020-05-24,2020-05-31,0-4,78,3457.0,0.023,0.0,171.0,0.0
2020-22,22,2020-05-24,2020-05-31,10-14,95,3457.0,0.027,0.0,171.0,0.0
2020-22,22,2020-05-24,2020-05-31,15-19,200,3457.0,0.058,0.0,171.0,0.0
2020-22,22,2020-05-24,2020-05-31,20-29,681,3457.0,0.197,0.0,171.0,0.0
2020-22,22,2020-05-24,2020-05-31,30-39,697,3457.0,0.202,2.0,171.0,0.012
2020-22,22,2020-05-24,2020-05-31,40-49,543,3457.0,0.157,4.0,171.0,0.023
2020-22,22,2020-05-24,2020-05-31,5-9,59,3457.0,0.017,0.0,171.0,0.0
2020-22,22,2020-05-24,2020-05-31,50-59,449,3457.0,0.13,6.0,171.0,0.035
2020-22,22,2020-05-24,2020-05-31,60-69,277,3457.0,0.08,19.0,171.0,0.111
2020-22,22,2020-05-24,2020-05-31,70-79,142,3457.0,0.041,24.0,171.0,0.14
2020-22,22,2020-05-24,2020-05-31,80-89,165,3457.0,0.048,62.0,171.0,0.363
2020-22,22,2020-05-24,2020-05-31,90+,71,3457.0,0.021,54.0,171.0,0.316
2020-23,23,2020-05-31,2020-06-07,0-4,67,2732.0,0.025,0.0,146.0,0.0
2020-23,23,2020-05-31,2020-06-07,10-14,83,2732.0,0.03,0.0,146.0,0.0
2020-23,23,2020-05-31,2020-06-07,15-19,146,2732.0,0.053,0.0,146.0,0.0
2020-23,23,2020-05-31,2020-06-07,20-29,588,2732.0,0.215,1.0,146.0,0.007
2020-23,23,2020-05-31,2020-06-07,30-39,635,2732.0,0.232,1.0,146.0,0.007
2020-23,23,2020-05-31,2020-06-07,40-49,439,2732.0,0.161,2.0,146.0,0.014
2020-23,23,2020-05-31,2020-06-07,5-9,47,2732.0,0.017,0.0,146.0,0.0
2020-23,23,2020-05-31,2020-06-07,50-59,356,2732.0,0.13,7.0,146.0,0.048
2020-23,23,2020-05-31,2020-06-07,60-69,175,2732.0,0.064,17.0,146.0,0.116
2020-23,23,2020-05-31,2020-06-07,70-79,73,2732.0,0.027,27.0,146.0,0.185
2020-23,23,2020-05-31,2020-06-07,80-89,79,2732.0,0.029,51.0,146.0,0.349
2020-23,23,2020-05-31,2020-06-07,90+,44,2732.0,0.016,40.0,146.0,0.274
2020-24,24,2020-06-07,2020-06-14,0-4,67,2299.0,0.029,0.0,111.0,0.0
2020-24,24,2020-06-07,2020-06-14,10-14,74,2299.0,0.032,0.0,111.0,0.0
2020-24,24,2020-06-07,2020-06-14,15-19,159,2299.0,0.069,0.0,111.0,0.0
2020-24,24,2020-06-07,2020-06-14,20-29,503,2299.0,0.219,1.0,111.0,0.009
2020-24,24,2020-06-07,2020-06-14,30-39,452,2299.0,0.197,2.0,111.0,0.018
2020-24,24,2020-06-07,2020-06-14,40-49,378,2299.0,0.164,0.0,111.0,0.0
2020-24,24,2020-06-07,2020-06-14,5-9,47,2299.0,0.02,0.0,111.0,0.0
2020-24,24,2020-06-07,2020-06-14,50-59,282,2299.0,0.123,5.0,111.0,0.045
2020-24,24,2020-06-07,2020-06-14,60-69,178,2299.0,0.077,15.0,111.0,0.135
2020-24,24,2020-06-07,2020-06-14,70-79,86,2299.0,0.037,22.0,111.0,0.198
2020-24,24,2020-06-07,2020-06-14,80-89,54,2299.0,0.023,38.0,111.0,0.342
2020-24,24,2020-06-07,2020-06-14,90+,19,2299.0,0.008,29.0,111.0,0.261
2020-25,25,2020-06-14,2020-06-21,0-4,64,2377.0,0.027,0.0,83.0,0.0
2020-25,25,2020-06-14,2020-06-21,10-14,68,2377.0,0.029,0.0,83.0,0.0
2020-25,25,2020-06-14,2020-06-21,15-19,187,2377.0,0.079,0.0,83.0,0.0
2020-25,25,2020-06-14,2020-06-21,20-29,753,2377.0,0.317,0.0,83.0,0.0
2020-25,25,2020-06-14,2020-06-21,30-39,411,2377.0,0.173,1.0,83.0,0.012
2020-25,25,2020-06-14,2020-06-21,40-49,309,2377.0,0.13,0.0,83.0,0.0
2020-25,25,2020-06-14,2020-06-21,5-9,67,2377.0,0.028,0.0,83.0,0.0
2020-25,25,2020-06-14,2020-06-21,50-59,260,2377.0,0.109,3.0,83.0,0.036
2020-25,25,2020-06-14,2020-06-21,60-69,125,2377.0,0.053,11.0,83.0,0.133
2020-25,25,2020-06-14,2020-06-21,70-79,69,2377.0,0.029,16.0,83.0,0.193
2020-25,25,2020-06-14,2020-06-21,80-89,46,2377.0,0.019,25.0,83.0,0.301
2020-25,25,2020-06-14,2020-06-21,90+,18,2377.0,0.008,27.0,83.0,0.325
2020-26,26,2020-06-21,2020-06-28,0-4,65,3102.0,0.021,0.0,46.0,0.0
2020-26,26,2020-06-21,2020-06-28,10-14,87,3102.0,0.028,0.0,46.0,0.0
2020-26,26,2020-06-21,2020-06-28,15-19,336,3102.0,0.108,0.0,46.0,0.0
2020-26,26,2020-06-21,2020-06-28,20-29,1166,3102.0,0.376,0.0,46.0,0.0
2020-26,26,2020-06-21,2020-06-28,30-39,444,3102.0,0.143,0.0,46.0,0.0
2020-26,26,2020-06-21,2020-06-28,40-49,347,3102.0,0.112,2.0,46.0,0.043
2020-26,26,2020-06-21,2020-06-28,5-9,62,3102.0,0.02,0.0,46.0,0.0
2020-26,26,2020-06-21,2020-06-28,50-59,306,3102.0,0.099,3.0,46.0,0.065
2020-26,26,2020-06-21,2020-06-28,60-69,153,3102.0,0.049,10.0,46.0,0.217
2020-26,26,2020-06-21,2020-06-28,70-79,65,3102.0,0.021,5.0,46.0,0.109
2020-26,26,2020-06-21,2020-06-28,80-89,50,3102.0,0.016,19.0,46.0,0.413
2020-26,26,2020-06-21,2020-06-28,90+,21,3102.0,0.007,7.0,46.0,0.152
2020-27,27,2020-06-28,2020-07-05,0-4,52,3192.0,0.016,0.0,46.0,0.0
2020-27,27,2020-06-28,2020-07-05,10-14,89,3192.0,0.028,0.0,46.0,0.0
2020-27,27,2020-06-28,2020-07-05,15-19,427,3192.0,0.134,0.0,46.0,0.0
2020-27,27,2020-06-28,2020-07-05,20-29,1092,3192.0,0.342,0.0,46.0,0.0
2020-27,27,2020-06-28,2020-07-05,30-39,482,3192.0,0.151,0.0,46.0,0.0
2020-27,27,2020-06-28,2020-07-05,40-49,364,3192.0,0.114,1.0,46.0,0.022
2020-27,27,2020-06-28,2020-07-05,5-9,50,3192.0,0.016,0.0,46.0,0.0
2020-27,27,2020-06-28,2020-07-05,50-59,320,3192.0,0.1,5.0,46.0,0.109
2020-27,27,2020-06-28,2020-07-05,60-69,141,3192.0,0.044,5.0,46.0,0.109
2020-27,27,2020-06-28,2020-07-05,70-79,89,3192.0,0.028,10.0,46.0,0.217
2020-27,27,2020-06-28,2020-07-05,80-89,60,3192.0,0.019,17.0,46.0,0.37
2020-27,27,2020-06-28,2020-07-05,90+,26,3192.0,0.008,8.0,46.0,0.174
2020-28,28,2020-07-05,2020-07-12,0-4,80,4434.0,0.018,0.0,31.0,0.0
2020-28,28,2020-07-05,2020-07-12,10-14,146,4434.0,0.033,0.0,31.0,0.0
2020-28,28,2020-07-05,2020-07-12,15-19,575,4434.0,0.13,0.0,31.0,0.0
2020-28,28,2020-07-05,2020-07-12,20-29,1374,4434.0,0.31,0.0,31.0,0.0
2020-28,28,2020-07-05,2020-07-12,30-39,661,4434.0,0.149,1.0,31.0,0.032
2020-28,28,2020-07-05,2020-07-12,40-49,531,4434.0,0.12,2.0,31.0,0.065
2020-28,28,2020-07-05,2020-07-12,5-9,94,4434.0,0.021,0.0,31.0,0.0
2020-28,28,2020-07-05,2020-07-12,50-59,506,4434.0,0.114,4.0,31.0,0.129
2020-28,28,2020-07-05,2020-07-12,60-69,260,4434.0,0.059,6.0,31.0,0.194
2020-28,28,2020-07-05,2020-07-12,70-79,130,4434.0,0.029,2.0,31.0,0.065
2020-28,28,2020-07-05,2020-07-12,80-89,52,4434.0,0.012,5.0,31.0,0.161
2020-28,28,2020-07-05,2020-07-12,90+,25,4434.0,0.006,11.0,31.0,0.355
2020-29,29,2020-07-12,2020-07-19,0-4,72,4608.0,0.016,0.0,39.0,0.0
2020-29,29,2020-07-12,2020-07-19,10-14,151,4608.0,0.033,0.0,39.0,0.0
2020-29,29,2020-07-12,2020-07-19,15-19,574,4608.0,0.125,0.0,39.0,0.0
2020-29,29,2020-07-12,2020-07-19,20-29,1284,4608.0,0.279,0.0,39.0,0.0
2020-29,29,2020-07-12,2020-07-19,30-39,735,4608.0,0.16,0.0,39.0,0.0
2020-29,29,2020-07-12,2020-07-19,40-49,596,4608.0,0.129,1.0,39.0,0.026
2020-29,29,2020-07-12,2020-07-19,5-9,96,4608.0,0.021,0.0,39.0,0.0
2020-29,29,2020-07-12,2020-07-19,50-59,566,4608.0,0.123,2.0,39.0,0.051
2020-29,29,2020-07-12,2020-07-19,60-69,320,4608.0,0.069,7.0,39.0,0.179
2020-29,29,2020-07-12,2020-07-19,70-79,125,4608.0,0.027,8.0,39.0,0.205
2020-29,29,2020-07-12,2020-07-19,80-89,66,4608.0,0.014,10.0,39.0,0.256
2020-29,29,2020-07-12,2020-07-19,90+,23,4608.0,0.005,11.0,39.0,0.282
2020-30,30,2020-07-19,2020-07-26,0-4,110,4745.0,0.023,1.0,33.0,0.03
2020-30,30,2020-07-19,2020-07-26,10-14,164,4745.0,0.035,0.0,33.0,0.0
2020-30,30,2020-07-19,2020-07-26,15-19,556,4745.0,0.117,0.0,33.0,0.0
2020-30,30,2020-07-19,2020-07-26,20-29,1168,4745.0,0.246,1.0,33.0,0.03
2020-30,30,2020-07-19,2020-07-26,30-39,860,4745.0,0.181,1.0,33.0,0.03
2020-30,30,2020-07-19,2020-07-26,40-49,650,4745.0,0.137,1.0,33.0,0.03
2020-30,30,2020-07-19,2020-07-26,5-9,113,4745.0,0.024,0.0,33.0,0.0
2020-30,30,2020-07-19,2020-07-26,50-59,513,4745.0,0.108,0.0,33.0,0.0
2020-30,30,2020-07-19,2020-07-26,60-69,353,4745.0,0.074,5.0,33.0,0.152
2020-30,30,2020-07-19,2020-07-26,70-79,165,4745.0,0.035,6.0,33.0,0.182
2020-30,30,2020-07-19,2020-07-26,80-89,63,4745.0,0.013,10.0,33.0,0.303
2020-30,30,2020-07-19,2020-07-26,90+,30,4745.0,0.006,8.0,33.0,0.242
2020-31,31,2020-07-26,2020-08-02,0-4,125,4790.0,0.026,0.0,40.0,0.0
2020-31,31,2020-07-26,2020-08-02,10-14,152,4790.0,0.032,0.0,40.0,0.0
2020-31,31,2020-07-26,2020-08-02,15-19,569,4790.0,0.119,0.0,40.0,0.0
2020-31,31,2020-07-26,2020-08-02,20-29,1034,4790.0,0.216,1.0,40.0,0.025
2020-31,31,2020-07-26,2020-08-02,30-39,843,4790.0,0.176,2.0,40.0,0.05
2020-31,31,2020-07-26,2020-08-02,40-49,636,4790.0,0.133,1.0,40.0,0.025
2020-31,31,2020-07-26,2020-08-02,5-9,102,4790.0,0.021,0.0,40.0,0.0
2020-31,31,2020-07-26,2020-08-02,50-59,640,4790.0,0.134,2.0,40.0,0.05
2020-31,31,2020-07-26,2020-08-02,60-69,370,4790.0,0.077,3.0,40.0,0.075
2020-31,31,2020-07-26,2020-08-02,70-79,200,4790.0,0.042,9.0,40.0,0.225
2020-31,31,2020-07-26,2020-08-02,80-89,83,4790.0,0.017,8.0,40.0,0.2
2020-31,31,2020-07-26,2020-08-02,90+,36,4790.0,0.008,14.0,40.0,0.35
2020-32,32,2020-08-02,2020-08-09,0-4,103,4445.0,0.023,0.0,43.0,0.0
2020-32,32,2020-08-02,2020-08-09,10-14,203,4445.0,0.046,0.0,43.0,0.0
2020-32,32,2020-08-02,2020-08-09,15-19,531,4445.0,0.119,0.0,43.0,0.0
2020-32,32,2020-08-02,2020-08-09,20-29,904,4445.0,0.203,0.0,43.0,0.0
2020-32,32,2020-08-02,2020-08-09,30-39,715,4445.0,0.161,0.0,43.0,0.0
2020-32,32,2020-08-02,2020-08-09,40-49,696,4445.0,0.157,0.0,43.0,0.0
2020-32,32,2020-08-02,2020-08-09,5-9,110,4445.0,0.025,0.0,43.0,0.0
2020-32,32,2020-08-02,2020-08-09,50-59,526,4445.0,0.118,5.0,43.0,0.116
2020-32,32,2020-08-02,2020-08-09,60-69,328,4445.0,0.074,7.0,43.0,0.163
2020-32,32,2020-08-02,2020-08-09,70-79,176,4445.0,0.04,13.0,43.0,0.302
2020-32,32,2020-08-02,2020-08-09,80-89,111,4445.0,0.025,15.0,43.0,0.349
2020-32,32,2020-08-02,2020-08-09,90+,42,4445.0,0.009,3.0,43.0,0.07
2020-33,33,2020-08-09,2020-08-16,0-4,91,4354.0,0.021,0.0,49.0,0.0
2020-33,33,2020-08-09,2020-08-16,10-14,156,4354.0,0.036,0.0,49.0,0.0
2020-33,33,2020-08-09,2020-08-16,15-19,543,4354.0,0.125,0.0,49.0,0.0
2020-33,33,2020-08-09,2020-08-16,20-29,899,4354.0,0.206,0.0,49.0,0.0
2020-33,33,2020-08-09,2020-08-16,30-39,728,4354.0,0.167,0.0,49.0,0.0
2020-33,33,2020-08-09,2020-08-16,40-49,627,4354.0,0.144,2.0,49.0,0.041
2020-33,33,2020-08-09,2020-08-16,5-9,123,4354.0,0.028,0.0,49.0,0.0
2020-33,33,2020-08-09,2020-08-16,50-59,542,4354.0,0.124,4.0,49.0,0.082
2020-33,33,2020-08-09,2020-08-16,60-69,313,4354.0,0.072,4.0,49.0,0.082
2020-33,33,2020-08-09,2020-08-16,70-79,168,4354.0,0.039,12.0,49.0,0.245
2020-33,33,2020-08-09,2020-08-16,80-89,112,4354.0,0.026,19.0,49.0,0.388
2020-33,33,2020-08-09,2020-08-16,90+,52,4354.0,0.012,7.0,49.0,0.143
2020-34,34,2020-08-16,2020-08-23,0-4,113,4798.0,0.024,0.0,61.0,0.0
2020-34,34,2020-08-16,2020-08-23,10-14,195,4798.0,0.041,0.0,61.0,0.0
2020-34,34,2020-08-16,2020-08-23,15-19,520,4798.0,0.108,0.0,61.0,0.0
2020-34,34,2020-08-16,2020-08-23,20-29,1037,4798.0,0.216,0.0,61.0,0.0
2020-34,34,2020-08-16,2020-08-23,30-39,737,4798.0,0.154,0.0,61.0,0.0
2020-34,34,2020-08-16,2020-08-23,40-49,673,4798.0,0.14,3.0,61.0,0.049
2020-34,34,2020-08-16,2020-08-23,5-9,109,4798.0,0.023,0.0,61.0,0.0
2020-34,34,2020-08-16,2020-08-23,50-59,659,4798.0,0.137,2.0,61.0,0.033
2020-34,34,2020-08-16,2020-08-23,60-69,351,4798.0,0.073,5.0,61.0,0.082
2020-34,34,2020-08-16,2020-08-23,70-79,210,4798.0,0.044,22.0,61.0,0.361
2020-34,34,2020-08-16,2020-08-23,80-89,123,4798.0,0.026,15.0,61.0,0.246
2020-34,34,2020-08-16,2020-08-23,90+,71,4798.0,0.015,14.0,61.0,0.23
2020-35,35,2020-08-23,2020-08-30,0-4,113,5315.0,0.021,0.0,49.0,0.0
2020-35,35,2020-08-23,2020-08-30,10-14,182,5315.0,0.034,0.0,49.0,0.0
2020-35,35,2020-08-23,2020-08-30,15-19,663,5315.0,0.125,0.0,49.0,0.0
2020-35,35,2020-08-23,2020-08-30,20-29,1470,5315.0,0.277,0.0,49.0,0.0
2020-35,35,2020-08-23,2020-08-30,30-39,696,5315.0,0.131,3.0,49.0,0.061
2020-35,35,2020-08-23,2020-08-30,40-49,679,5315.0,0.128,0.0,49.0,0.0
2020-35,35,2020-08-23,2020-08-30,5-9,114,5315.0,0.021,0.0,49.0,0.0
2020-35,35,2020-08-23,2020-08-30,50-59,662,5315.0,0.125,5.0,49.0,0.102
2020-35,35,2020-08-23,2020-08-30,60-69,391,5315.0,0.074,4.0,49.0,0.082
2020-35,35,2020-08-23,2020-08-30,70-79,215,5315.0,0.04,15.0,49.0,0.306
2020-35,35,2020-08-23,2020-08-30,80-89,95,5315.0,0.018,14.0,49.0,0.286
2020-35,35,2020-08-23,2020-08-30,90+,35,5315.0,0.007,8.0,49.0,0.163
2020-36,36,2020-08-30,2020-09-06,0-4,100,4608.0,0.022,0.0,41.0,0.0
2020-36,36,2020-08-30,2020-09-06,10-14,147,4608.0,0.032,0.0,41.0,0.0
2020-36,36,2020-08-30,2020-09-06,15-19,605,4608.0,0.131,0.0,41.0,0.0
2020-36,36,2020-08-30,2020-09-06,20-29,1210,4608.0,0.263,0.0,41.0,0.0
2020-36,36,2020-08-30,2020-09-06,30-39,611,4608.0,0.133,0.0,41.0,0.0
2020-36,36,2020-08-30,2020-09-06,40-49,587,4608.0,0.127,2.0,41.0,0.049
2020-36,36,2020-08-30,2020-09-06,5-9,102,4608.0,0.022,0.0,41.0,0.0
2020-36,36,2020-08-30,2020-09-06,50-59,544,4608.0,0.118,4.0,41.0,0.098
2020-36,36,2020-08-30,2020-09-06,60-69,373,4608.0,0.081,7.0,41.0,0.171
2020-36,36,2020-08-30,2020-09-06,70-79,176,4608.0,0.038,7.0,41.0,0.171
2020-36,36,2020-08-30,2020-09-06,80-89,103,4608.0,0.022,15.0,41.0,0.366
2020-36,36,2020-08-30,2020-09-06,90+,50,4608.0,0.011,5.0,41.0,0.122
2020-37,37,2020-09-06,2020-09-13,0-4,78,4023.0,0.019,0.0,62.0,0.0
2020-37,37,2020-09-06,2020-09-13,10-14,129,4023.0,0.032,0.0,62.0,0.0
2020-37,37,2020-09-06,2020-09-13,15-19,475,4023.0,0.118,0.0,62.0,0.0
2020-37,37,2020-09-06,2020-09-13,20-29,995,4023.0,0.247,0.0,62.0,0.0
2020-37,37,2020-09-06,2020-09-13,30-39,623,4023.0,0.155,0.0,62.0,0.0
2020-37,37,2020-09-06,2020-09-13,40-49,519,4023.0,0.129,1.0,62.0,0.016
2020-37,37,2020-09-06,2020-09-13,5-9,73,4023.0,0.018,0.0,62.0,0.0
2020-37,37,2020-09-06,2020-09-13,50-59,529,4023.0,0.131,2.0,62.0,0.032
2020-37,37,2020-09-06,2020-09-13,60-69,317,4023.0,0.079,6.0,62.0,0.097
2020-37,37,2020-09-06,2020-09-13,70-79,164,4023.0,0.041,10.0,62.0,0.161
2020-37,37,2020-09-06,2020-09-13,80-89,87,4023.0,0.022,27.0,62.0,0.435
2020-37,37,2020-09-06,2020-09-13,90+,34,4023.0,0.008,16.0,62.0,0.258
2020-38,38,2020-09-13,2020-09-20,0-4,126,6348.0,0.02,0.0,46.0,0.0
2020-38,38,2020-09-13,2020-09-20,10-14,226,6348.0,0.036,0.0,46.0,0.0
2020-38,38,2020-09-13,2020-09-20,15-19,725,6348.0,0.114,0.0,46.0,0.0
2020-38,38,2020-09-13,2020-09-20,20-29,1533,6348.0,0.241,0.0,46.0,0.0
2020-38,38,2020-09-13,2020-09-20,30-39,898,6348.0,0.141,0.0,46.0,0.0
2020-38,38,2020-09-13,2020-09-20,40-49,779,6348.0,0.123,1.0,46.0,0.022
2020-38,38,2020-09-13,2020-09-20,5-9,144,6348.0,0.023,0.0,46.0,0.0
2020-38,38,2020-09-13,2020-09-20,50-59,849,6348.0,0.134,4.0,46.0,0.087
2020-38,38,2020-09-13,2020-09-20,60-69,534,6348.0,0.084,9.0,46.0,0.196
2020-38,38,2020-09-13,2020-09-20,70-79,301,6348.0,0.047,10.0,46.0,0.217
2020-38,38,2020-09-13,2020-09-20,80-89,159,6348.0,0.025,11.0,46.0,0.239
2020-38,38,2020-09-13,2020-09-20,90+,74,6348.0,0.012,12.0,46.0,0.261
2020-39,39,2020-09-20,2020-09-27,0-4,137,7346.0,0.019,0.0,43.0,0.0
2020-39,39,2020-09-20,2020-09-27,10-14,209,7346.0,0.028,0.0,43.0,0.0
2020-39,39,2020-09-20,2020-09-27,15-19,758,7346.0,0.103,0.0,43.0,0.0
2020-39,39,2020-09-20,2020-09-27,20-29,1569,7346.0,0.214,0.0,43.0,0.0
2020-39,39,2020-09-20,2020-09-27,30-39,1145,7346.0,0.156,0.0,43.0,0.0
2020-39,39,2020-09-20,2020-09-27,40-49,1013,7346.0,0.138,0.0,43.0,0.0
2020-39,39,2020-09-20,2020-09-27,5-9,149,7346.0,0.02,0.0,43.0,0.0
2020-39,39,2020-09-20,2020-09-27,50-59,967,7346.0,0.132,4.0,43.0,0.093
2020-39,39,2020-09-20,2020-09-27,60-69,720,7346.0,0.098,2.0,43.0,0.047
2020-39,39,2020-09-20,2020-09-27,70-79,389,7346.0,0.053,10.0,43.0,0.233
2020-39,39,2020-09-20,2020-09-27,80-89,214,7346.0,0.029,17.0,43.0,0.395
2020-39,39,2020-09-20,2020-09-27,90+,76,7346.0,0.01,10.0,43.0,0.233
2020-40,40,2020-09-27,2020-10-04,0-4,143,7248.0,0.02,0.0,72.0,0.0
2020-40,40,2020-09-27,2020-10-04,10-14,236,7248.0,0.033,0.0,72.0,0.0
2020-40,40,2020-09-27,2020-10-04,15-19,684,7248.0,0.094,0.0,72.0,0.0
2020-40,40,2020-09-27,2020-10-04,20-29,1437,7248.0,0.198,0.0,72.0,0.0
2020-40,40,2020-09-27,2020-10-04,30-39,1193,7248.0,0.165,0.0,72.0,0.0
2020-40,40,2020-09-27,2020-10-04,40-49,951,7248.0,0.131,0.0,72.0,0.0
2020-40,40,2020-09-27,2020-10-04,5-9,166,7248.0,0.023,0.0,72.0,0.0
2020-40,40,2020-09-27,2020-10-04,50-59,985,7248.0,0.136,4.0,72.0,0.056
2020-40,40,2020-09-27,2020-10-04,60-69,795,7248.0,0.11,11.0,72.0,0.153
2020-40,40,2020-09-27,2020-10-04,70-79,393,7248.0,0.054,19.0,72.0,0.264
2020-40,40,2020-09-27,2020-10-04,80-89,185,7248.0,0.026,17.0,72.0,0.236
2020-40,40,2020-09-27,2020-10-04,90+,80,7248.0,0.011,21.0,72.0,0.292
2020-41,41,2020-10-04,2020-10-11,0-4,166,9630.0,0.017,0.0,63.0,0.0
2020-41,41,2020-10-04,2020-10-11,10-14,363,9630.0,0.038,0.0,63.0,0.0
2020-41,41,2020-10-04,2020-10-11,15-19,706,9630.0,0.073,0.0,63.0,0.0
2020-41,41,2020-10-04,2020-10-11,20-29,1763,9630.0,0.183,0.0,63.0,0.0
2020-41,41,2020-10-04,2020-10-11,30-39,1642,9630.0,0.171,0.0,63.0,0.0
2020-41,41,2020-10-04,2020-10-11,40-49,1360,9630.0,0.141,1.0,63.0,0.016
2020-41,41,2020-10-04,2020-10-11,5-9,236,9630.0,0.025,0.0,63.0,0.0
2020-41,41,2020-10-04,2020-10-11,50-59,1380,9630.0,0.143,3.0,63.0,0.048
2020-41,41,2020-10-04,2020-10-11,60-69,995,9630.0,0.103,9.0,63.0,0.143
2020-41,41,2020-10-04,2020-10-11,70-79,552,9630.0,0.057,14.0,63.0,0.222
2020-41,41,2020-10-04,2020-10-11,80-89,323,9630.0,0.034,19.0,63.0,0.302
2020-41,41,2020-10-04,2020-10-11,90+,144,9630.0,0.015,17.0,63.0,0.27
2020-42,42,2020-10-11,2020-10-18,0-4,188,10672.0,0.018,0.0,93.0,0.0
2020-42,42,2020-10-11,2020-10-18,10-14,376,10672.0,0.035,0.0,93.0,0.0
2020-42,42,2020-10-11,2020-10-18,15-19,713,10672.0,0.067,0.0,93.0,0.0
2020-42,42,2020-10-11,2020-10-18,20-29,1996,10672.0,0.187,0.0,93.0,0.0
2020-42,42,2020-10-11,2020-10-18,30-39,1766,10672.0,0.165,1.0,93.0,0.011
2020-42,42,2020-10-11,2020-10-18,40-49,1573,10672.0,0.147,0.0,93.0,0.0
2020-42,42,2020-10-11,2020-10-18,5-9,239,10672.0,0.022,0.0,93.0,0.0
2020-42,42,2020-10-11,2020-10-18,50-59,1634,10672.0,0.153,3.0,93.0,0.032
2020-42,42,2020-10-11,2020-10-18,60-69,1119,10672.0,0.105,17.0,93.0,0.183
2020-42,42,2020-10-11,2020-10-18,70-79,654,10672.0,0.061,11.0,93.0,0.118
2020-42,42,2020-10-11,2020-10-18,80-89,304,10672.0,0.028,33.0,93.0,0.355
2020-42,42,2020-10-11,2020-10-18,90+,110,10672.0,0.01,21.0,93.0,0.226
2020-43,43,2020-10-18,2020-10-25,0-4,261,13785.0,0.019,0.0,115.0,0.0
2020-43,43,2020-10-18,2020-10-25,10-14,473,13785.0,0.034,0.0,115.0,0.0
2020-43,43,2020-10-18,2020-10-25,15-19,849,13785.0,0.062,0.0,115.0,0.0
2020-43,43,2020-10-18,2020-10-25,20-29,2619,13785.0,0.19,0.0,115.0,0.0
2020-43,43,2020-10-18,2020-10-25,30-39,2285,13785.0,0.166,1.0,115.0,0.009
2020-43,43,2020-10-18,2020-10-25,40-49,2075,13785.0,0.151,1.0,115.0,0.009
2020-43,43,2020-10-18,2020-10-25,5-9,353,13785.0,0.026,0.0,115.0,0.0
2020-43,43,2020-10-18,2020-10-25,50-59,2006,13785.0,0.146,5.0,115.0,0.043
2020-43,43,2020-10-18,2020-10-25,60-69,1486,13785.0,0.108,13.0,115.0,0.113
2020-43,43,2020-10-18,2020-10-25,70-79,789,13785.0,0.057,22.0,115.0,0.191
2020-43,43,2020-10-18,2020-10-25,80-89,425,13785.0,0.031,38.0,115.0,0.33
2020-43,43,2020-10-18,2020-10-25,90+,164,13785.0,0.012,35.0,115.0,0.304
2020-44,44,2020-10-25,2020-11-01,0-4,347,22559.0,0.015,0.0,126.0,0.0
2020-44,44,2020-10-25,2020-11-01,10-14,791,22559.0,0.035,0.0,126.0,0.0
2020-44,44,2020-10-25,2020-11-01,15-19,1511,22559.0,0.067,0.0,126.0,0.0
2020-44,44,2020-10-25,2020-11-01,20-29,4237,22559.0,0.188,0.0,126.0,0.0
2020-44,44,2020-10-25,2020-11-01,30-39,3842,22559.0,0.17,0.0,126.0,0.0
2020-44,44,2020-10-25,2020-11-01,40-49,3435,22559.0,0.152,1.0,126.0,0.008
2020-44,44,2020-10-25,2020-11-01,5-9,503,22559.0,0.022,0.0,126.0,0.0
2020-44,44,2020-10-25,2020-11-01,50-59,3460,22559.0,0.153,7.0,126.0,0.056
2020-44,44,2020-10-25,2020-11-01,60-69,2323,22559.0,0.103,9.0,126.0,0.071
2020-44,44,2020-10-25,2020-11-01,70-79,1179,22559.0,0.052,30.0,126.0,0.238
2020-44,44,2020-10-25,2020-11-01,80-89,658,22559.0,0.029,46.0,126.0,0.365
2020-44,44,2020-10-25,2020-11-01,90+,273,22559.0,0.012,33.0,126.0,0.262
2020-45,45,2020-11-01,2020-11-08,0-4,688,39740.0,0.017,0.0,181.0,0.0
2020-45,45,2020-11-01,2020-11-08,10-14,1610,39740.0,0.041,0.0,181.0,0.0
2020-45,45,2020-11-01,2020-11-08,15-19,3254,39740.0,0.082,0.0,181.0,0.0
2020-45,45,2020-11-01,2020-11-08,20-29,8135,39740.0,0.205,0.0,181.0,0.0
2020-45,45,2020-11-01,2020-11-08,30-39,6472,39740.0,0.163,1.0,181.0,0.006
2020-45,45,2020-11-01,2020-11-08,40-49,5823,39740.0,0.147,5.0,181.0,0.028
2020-45,45,2020-11-01,2020-11-08,5-9,998,39740.0,0.025,0.0,181.0,0.0
2020-45,45,2020-11-01,2020-11-08,50-59,5802,39740.0,0.146,6.0,181.0,0.033
2020-45,45,2020-11-01,2020-11-08,60-69,3745,39740.0,0.094,10.0,181.0,0.055
2020-45,45,2020-11-01,2020-11-08,70-79,1799,39740.0,0.045,28.0,181.0,0.155
2020-45,45,2020-11-01,2020-11-08,80-89,1019,39740.0,0.026,77.0,181.0,0.425
2020-45,45,2020-11-01,2020-11-08,90+,395,39740.0,0.01,54.0,181.0,0.298
2020-46,46,2020-11-08,2020-11-15,0-4,839,48351.0,0.017,0.0,249.0,0.0
2020-46,46,2020-11-08,2020-11-15,10-14,2114,48351.0,0.044,0.0,249.0,0.0
2020-46,46,2020-11-08,2020-11-15,15-19,3571,48351.0,0.074,0.0,249.0,0.0
2020-46,46,2020-11-08,2020-11-15,20-29,8951,48351.0,0.185,1.0,249.0,0.004
2020-46,46,2020-11-08,2020-11-15,30-39,7764,48351.0,0.161,1.0,249.0,0.004
2020-46,46,2020-11-08,2020-11-15,40-49,7076,48351.0,0.146,1.0,249.0,0.004
2020-46,46,2020-11-08,2020-11-15,5-9,1254,48351.0,0.026,0.0,249.0,0.0
2020-46,46,2020-11-08,2020-11-15,50-59,7463,48351.0,0.154,7.0,249.0,0.028
2020-46,46,2020-11-08,2020-11-15,60-69,5121,48351.0,0.106,21.0,249.0,0.084
2020-46,46,2020-11-08,2020-11-15,70-79,2456,48351.0,0.051,54.0,249.0,0.217
2020-46,46,2020-11-08,2020-11-15,80-89,1259,48351.0,0.026,94.0,249.0,0.378
2020-46,46,2020-11-08,2020-11-15,90+,483,48351.0,0.01,70.0,249.0,0.281
2020-47,47,2020-11-15,2020-11-22,0-4,903,45464.0,0.02,0.0,336.0,0.0
2020-47,47,2020-11-15,2020-11-22,10-14,1971,45464.0,0.043,0.0,336.0,0.0
2020-47,47,2020-11-15,2020-11-22,15-19,3226,45464.0,0.071,0.0,336.0,0.0
2020-47,47,2020-11-15,2020-11-22,20-29,7536,45464.0,0.166,0.0,336.0,0.0
2020-47,47,2020-11-15,2020-11-22,30-39,7083,45464.0,0.156,2.0,336.0,0.006
2020-47,47,2020-11-15,2020-11-22,40-49,6738,45464.0,0.148,6.0,336.0,0.018
2020-47,47,2020-11-15,2020-11-22,5-9,1282,45464.0,0.028,0.0,336.0,0.0
2020-47,47,2020-11-15,2020-11-22,50-59,6948,45464.0,0.153,10.0,336.0,0.03
2020-47,47,2020-11-15,2020-11-22,60-69,5317,45464.0,0.117,27.0,336.0,0.08
2020-47,47,2020-11-15,2020-11-22,70-79,2699,45464.0,0.059,70.0,336.0,0.208
2020-47,47,2020-11-15,2020-11-22,80-89,1281,45464.0,0.028,127.0,336.0,0.378
2020-47,47,2020-11-15,2020-11-22,90+,480,45464.0,0.011,94.0,336.0,0.28
2020-48,48,2020-11-22,2020-11-29,0-4,732,34486.0,0.021,0.0,337.0,0.0
2020-48,48,2020-11-22,2020-11-29,10-14,1519,34486.0,0.044,0.0,337.0,0.0
2020-48,48,2020-11-22,2020-11-29,15-19,2519,34486.0,0.073,0.0,337.0,0.0
2020-48,48,2020-11-22,2020-11-29,20-29,5429,34486.0,0.157,1.0,337.0,0.003
2020-48,48,2020-11-22,2020-11-29,30-39,5447,34486.0,0.158,1.0,337.0,0.003
2020-48,48,2020-11-22,2020-11-29,40-49,5104,34486.0,0.148,1.0,337.0,0.003
2020-48,48,2020-11-22,2020-11-29,5-9,1049,34486.0,0.03,0.0,337.0,0.0
2020-48,48,2020-11-22,2020-11-29,50-59,5153,34486.0,0.149,10.0,337.0,0.03
2020-48,48,2020-11-22,2020-11-29,60-69,3829,34486.0,0.111,35.0,337.0,0.104
2020-48,48,2020-11-22,2020-11-29,70-79,2037,34486.0,0.059,78.0,337.0,0.231
2020-48,48,2020-11-22,2020-11-29,80-89,1160,34486.0,0.034,124.0,337.0,0.368
2020-48,48,2020-11-22,2020-11-29,90+,508,34486.0,0.015,87.0,337.0,0.258
2020-49,49,2020-11-29,2020-12-06,0-4,784,34552.0,0.023,0.0,406.0,0.0
2020-49,49,2020-11-29,2020-12-06,10-14,1561,34552.0,0.045,0.0,406.0,0.0
2020-49,49,2020-11-29,2020-12-06,15-19,2531,34552.0,0.073,0.0,406.0,0.0
2020-49,49,2020-11-29,2020-12-06,20-29,5899,34552.0,0.171,0.0,406.0,0.0
2020-49,49,2020-11-29,2020-12-06,30-39,5630,34552.0,0.163,3.0,406.0,0.007
2020-49,49,2020-11-29,2020-12-06,40-49,5058,34552.0,0.146,3.0,406.0,0.007
2020-49,49,2020-11-29,2020-12-06,5-9,1215,34552.0,0.035,0.0,406.0,0.0
2020-49,49,2020-11-29,2020-12-06,50-59,4948,34552.0,0.143,14.0,406.0,0.034
2020-49,49,2020-11-29,2020-12-06,60-69,3502,34552.0,0.101,42.0,406.0,0.103
2020-49,49,2020-11-29,2020-12-06,70-79,1804,34552.0,0.052,96.0,406.0,0.236
2020-49,49,2020-11-29,2020-12-06,80-89,1135,34552.0,0.033,142.0,406.0,0.35
2020-49,49,2020-11-29,2020-12-06,90+,485,34552.0,0.014,106.0,406.0,0.261
2020-50,50,2020-12-06,2020-12-13,0-4,575,22490.0,0.026,0.0,460.0,0.0
2020-50,50,2020-12-06,2020-12-13,10-14,1029,22490.0,0.046,0.0,460.0,0.0
2020-50,50,2020-12-06,2020-12-13,15-19,1562,22490.0,0.069,0.0,460.0,0.0
2020-50,50,2020-12-06,2020-12-13,20-29,3778,22490.0,0.168,2.0,460.0,0.004
2020-50,50,2020-12-06,2020-12-13,30-39,3643,22490.0,0.162,2.0,460.0,0.004
2020-50,50,2020-12-06,2020-12-13,40-49,3079,22490.0,0.137,6.0,460.0,0.013
2020-50,50,2020-12-06,2020-12-13,5-9,786,22490.0,0.035,0.0,460.0,0.0
2020-50,50,2020-12-06,2020-12-13,50-59,3175,22490.0,0.141,15.0,460.0,0.033
2020-50,50,2020-12-06,2020-12-13,60-69,2334,22490.0,0.104,51.0,460.0,0.111
2020-50,50,2020-12-06,2020-12-13,70-79,1242,22490.0,0.055,118.0,460.0,0.257
2020-50,50,2020-12-06,2020-12-13,80-89,852,22490.0,0.038,163.0,460.0,0.354
2020-50,50,2020-12-06,2020-12-13,90+,435,22490.0,0.019,103.0,460.0,0.224
2020-51,51,2020-12-13,2020-12-20,0-4,427,15769.0,0.027,0.0,406.0,0.0
2020-51,51,2020-12-13,2020-12-20,10-14,660,15769.0,0.042,0.0,406.0,0.0
2020-51,51,2020-12-13,2020-12-20,15-19,1060,15769.0,0.067,0.0,406.0,0.0
2020-51,51,2020-12-13,2020-12-20,20-29,2614,15769.0,0.166,1.0,406.0,0.002
2020-51,51,2020-12-13,2020-12-20,30-39,2662,15769.0,0.169,0.0,406.0,0.0
2020-51,51,2020-12-13,2020-12-20,40-49,2206,15769.0,0.14,7.0,406.0,0.017
2020-51,51,2020-12-13,2020-12-20,5-9,534,15769.0,0.034,0.0,406.0,0.0
2020-51,51,2020-12-13,2020-12-20,50-59,2241,15769.0,0.142,8.0,406.0,0.02
2020-51,51,2020-12-13,2020-12-20,60-69,1704,15769.0,0.108,44.0,406.0,0.108
2020-51,51,2020-12-13,2020-12-20,70-79,864,15769.0,0.055,96.0,406.0,0.236
2020-51,51,2020-12-13,2020-12-20,80-89,535,15769.0,0.034,151.0,406.0,0.372
2020-51,51,2020-12-13,2020-12-20,90+,262,15769.0,0.017,99.0,406.0,0.244
2020-52,52,2020-12-20,2020-12-27,0-4,290,9861.0,0.029,0.0,297.0,0.0
2020-52,52,2020-12-20,2020-12-27,10-14,381,9861.0,0.039,0.0,297.0,0.0
2020-52,52,2020-12-20,2020-12-27,15-19,609,9861.0,0.062,0.0,297.0,0.0
2020-52,52,2020-12-20,2020-12-27,20-29,1657,9861.0,0.168,0.0,297.0,0.0
2020-52,52,2020-12-20,2020-12-27,30-39,1653,9861.0,0.168,0.0,297.0,0.0
2020-52,52,2020-12-20,2020-12-27,40-49,1378,9861.0,0.14,3.0,297.0,0.01
2020-52,52,2020-12-20,2020-12-27,5-9,293,9861.0,0.03,0.0,297.0,0.0
2020-52,52,2020-12-20,2020-12-27,50-59,1412,9861.0,0.143,11.0,297.0,0.037
2020-52,52,2020-12-20,2020-12-27,60-69,1087,9861.0,0.11,24.0,297.0,0.081
2020-52,52,2020-12-20,2020-12-27,70-79,549,9861.0,0.056,71.0,297.0,0.239
2020-52,52,2020-12-20,2020-12-27,80-89,373,9861.0,0.038,111.0,297.0,0.374
2020-52,52,2020-12-20,2020-12-27,90+,179,9861.0,0.018,77.0,297.0,0.259
2020-53,53,2020-12-27,2021-01-03,0-4,346,12551.0,0.028,0.0,283.0,0.0
2020-53,53,2020-12-27,2021-01-03,10-14,508,12551.0,0.04,0.0,283.0,0.0
2020-53,53,2020-12-27,2021-01-03,15-19,860,12551.0,0.069,0.0,283.0,0.0
2020-53,53,2020-12-27,2021-01-03,20-29,2232,12551.0,0.178,0.0,283.0,0.0
2020-53,53,2020-12-27,2021-01-03,30-39,2166,12551.0,0.173,1.0,283.0,0.004
2020-53,53,2020-12-27,2021-01-03,40-49,1747,12551.0,0.139,6.0,283.0,0.021
2020-53,53,2020-12-27,2021-01-03,5-9,387,12551.0,0.031,0.0,283.0,0.0
2020-53,53,2020-12-27,2021-01-03,50-59,1714,12551.0,0.137,13.0,283.0,0.046
2020-53,53,2020-12-27,2021-01-03,60-69,1312,12551.0,0.105,40.0,283.0,0.141
2020-53,53,2020-12-27,2021-01-03,70-79,670,12551.0,0.053,50.0,283.0,0.177
2020-53,53,2020-12-27,2021-01-03,80-89,413,12551.0,0.033,106.0,283.0,0.375
2020-53,53,2020-12-27,2021-01-03,90+,196,12551.0,0.016,67.0,283.0,0.237
2021-01,1,2021-01-03,2021-01-10,0-4,297,12859.0,0.023,0.0,277.0,0.0
2021-01,1,2021-01-03,2021-01-10,10-14,616,12859.0,0.048,0.0,277.0,0.0
2021-01,1,2021-01-03,2021-01-10,15-19,1069,12859.0,0.083,0.0,277.0,0.0
2021-01,1,2021-01-03,2021-01-10,20-29,2407,12859.0,0.187,0.0,277.0,0.0
2021-01,1,2021-01-03,2021-01-10,30-39,2102,12859.0,0.163,2.0,277.0,0.007
2021-01,1,2021-01-03,2021-01-10,40-49,1821,12859.0,0.142,5.0,277.0,0.018
2021-01,1,2021-01-03,2021-01-10,5-9,465,12859.0,0.036,0.0,277.0,0.0
2021-01,1,2021-01-03,2021-01-10,50-59,1687,12859.0,0.131,13.0,277.0,0.047
2021-01,1,2021-01-03,2021-01-10,60-69,1256,12859.0,0.098,21.0,277.0,0.076
2021-01,1,2021-01-03,2021-01-10,70-79,655,12859.0,0.051,63.0,277.0,0.227
2021-01,1,2021-01-03,2021-01-10,80-89,353,12859.0,0.027,90.0,277.0,0.325
2021-01,1,2021-01-03,2021-01-10,90+,131,12859.0,0.01,83.0,277.0,0.3
2021-02,2,2021-01-10,2021-01-17,0-4,289,8822.0,0.033,0.0,220.0,0.0
2021-02,2,2021-01-10,2021-01-17,10-14,432,8822.0,0.049,0.0,220.0,0.0
2021-02,2,2021-01-10,2021-01-17,15-19,718,8822.0,0.081,0.0,220.0,0.0
2021-02,2,2021-01-10,2021-01-17,20-29,1522,8822.0,0.173,0.0,220.0,0.0
2021-02,2,2021-01-10,2021-01-17,30-39,1386,8822.0,0.157,0.0,220.0,0.0
2021-02,2,2021-01-10,2021-01-17,40-49,1236,8822.0,0.14,3.0,220.0,0.014
2021-02,2,2021-01-10,2021-01-17,5-9,310,8822.0,0.035,0.0,220.0,0.0
2021-02,2,2021-01-10,2021-01-17,50-59,1203,8822.0,0.136,6.0,220.0,0.027
2021-02,2,2021-01-10,2021-01-17,60-69,949,8822.0,0.108,27.0,220.0,0.123
2021-02,2,2021-01-10,2021-01-17,70-79,416,8822.0,0.047,49.0,220.0,0.223
2021-02,2,2021-01-10,2021-01-17,80-89,242,8822.0,0.027,82.0,220.0,0.373
2021-02,2,2021-01-10,2021-01-17,90+,119,8822.0,0.013,53.0,220.0,0.241
2021-03,3,2021-01-17,2021-01-24,0-4,250,7731.0,0.032,0.0,168.0,0.0
2021-03,3,2021-01-17,2021-01-24,10-14,370,7731.0,0.048,0.0,168.0,0.0
2021-03,3,2021-01-17,2021-01-24,15-19,561,7731.0,0.073,0.0,168.0,0.0
2021-03,3,2021-01-17,2021-01-24,20-29,1380,7731.0,0.179,0.0,168.0,0.0
2021-03,3,2021-01-17,2021-01-24,30-39,1250,7731.0,0.162,2.0,168.0,0.012
2021-03,3,2021-01-17,2021-01-24,40-49,1067,7731.0,0.138,3.0,168.0,0.018
2021-03,3,2021-01-17,2021-01-24,5-9,301,7731.0,0.039,0.0,168.0,0.0
2021-03,3,2021-01-17,2021-01-24,50-59,1127,7731.0,0.146,5.0,168.0,0.03
2021-03,3,2021-01-17,2021-01-24,60-69,765,7731.0,0.099,22.0,168.0,0.131
2021-03,3,2021-01-17,2021-01-24,70-79,372,7731.0,0.048,32.0,168.0,0.19
2021-03,3,2021-01-17,2021-01-24,80-89,200,7731.0,0.026,69.0,168.0,0.411
2021-03,3,2021-01-17,2021-01-24,90+,88,7731.0,0.011,35.0,168.0,0.208
2021-04,4,2021-01-24,2021-01-31,0-4,50,2143.0,0.023,0.0,45.0,0.0
2021-04,4,2021-01-24,2021-01-31,10-14,104,2143.0,0.049,0.0,45.0,0.0
2021-04,4,2021-01-24,2021-01-31,15-19,141,2143.0,0.066,0.0,45.0,0.0
2021-04,4,2021-01-24,2021-01-31,20-29,360,2143.0,0.168,0.0,45.0,0.0
2021-04,4,2021-01-24,2021-01-31,30-39,383,2143.0,0.179,0.0,45.0,0.0
2021-04,4,2021-01-24,2021-01-31,40-49,296,2143.0,0.138,0.0,45.0,0.0
2021-04,4,2021-01-24,2021-01-31,5-9,87,2143.0,0.041,0.0,45.0,0.0
2021-04,4,2021-01-24,2021-01-31,50-59,316,2143.0,0.147,1.0,45.0,0.022
2021-04,4,2021-01-24,2021-01-31,60-69,203,2143.0,0.095,4.0,45.0,0.089
2021-04,4,2021-01-24,2021-01-31,70-79,121,2143.0,0.056,10.0,45.0,0.222
2021-04,4,2021-01-24,2021-01-31,80-89,53,2143.0,0.025,8.0,45.0,0.178
2021-04,4,2021-01-24,2021-01-31,90+,29,2143.0,0.014,6.0,45.0,0.133
