county,2020-03-06,2020-03-07,2020-03-08,2020-03-09,2020-03-10,2020-03-11,2020-03-12,2020-03-13,2020-03-14,2020-03-15,2020-03-16,2020-03-17,2020-03-18,2020-03-19,2020-03-20,2020-03-21,2020-03-22,2020-03-23,2020-03-24,2020-03-25,2020-03-26,2020-03-27,2020-03-28,2020-03-29,2020-03-30,2020-03-31,2020-04-01,2020-04-02,2020-04-03,2020-04-04,2020-04-05,2020-04-06,2020-04-07,2020-04-08,2020-04-09,2020-04-10,2020-04-11
Anoka,0,0,0,0,1,1,1,2,2,2,3,3,3,5,5,5,5,7,7,7,8,10,12,17,22,23,26,30,34,36,36,40,42,46,53,55,
Beltrami,0,0,0,0,0,0,0,0,0,0,0,0,0,0,0,0,0,0,0,0,0,1,2,2,3,4,4,4,4,5,6,6,6,6,5,5,
Benton,0,0,0,0,0,0,0,0,0,0,1,1,1,1,1,1,1,1,1,1,1,1,1,1,1,1,1,1,1,1,1,1,1,1,1,1,
Big Stone,0,0,0,0,0,0,0,0,0,0,0,0,0,0,0,0,0,1,1,1,1,1,1,1,1,1,1,1,1,1,1,1,1,1,1,1,
Blue Earth,0,0,0,0,0,0,0,0,0,0,1,1,2,2,2,3,4,5,5,5,6,7,7,8,9,9,9,10,10,14,15,16,22,21,22,22,
Brown,0,0,0,0,0,0,0,0,0,0,0,0,0,0,0,0,0,0,0,0,0,0,0,0,0,2,2,2,2,3,3,5,7,7,7,7,
Carlton,0,0,0,0,0,0,0,0,0,0,0,0,0,0,0,0,0,0,0,0,0,0,0,0,0,1,2,3,5,8,8,10,13,14,15,18,
Carver,0,0,1,1,1,1,1,1,1,1,1,1,2,3,3,3,7,8,8,8,8,8,9,9,10,10,10,10,10,10,10,10,10,10,10,12,
Cass,0,0,0,0,0,0,0,0,0,0,0,0,0,0,0,0,1,1,1,1,1,1,1,1,1,1,1,1,1,1,1,1,3,3,3,3,
Chisago,0,0,0,0,0,0,0,0,0,0,0,0,0,0,1,1,1,2,2,2,2,2,1,1,3,3,3,3,4,4,4,5,5,5,5,6,
Clay,0,0,0,0,0,0,0,0,0,0,0,0,0,1,1,1,2,2,3,3,4,4,4,4,4,6,7,8,8,13,13,19,19,20,23,29,
Clearwater,0,0,0,0,0,0,0,0,0,0,0,0,0,0,0,0,0,0,0,0,0,0,1,1,2,2,2,2,2,2,2,2,2,2,2,2,
Cottonwood,0,0,0,0,0,0,0,0,0,0,0,0,0,0,0,0,0,0,0,0,0,0,0,1,1,2,3,5,5,5,5,5,5,5,5,5,
Crow Wing,0,0,0,0,0,0,0,0,0,0,0,0,0,0,0,0,0,0,0,0,0,0,0,0,0,0,1,2,3,5,6,6,9,10,13,13,
Dakota,0,0,0,0,0,0,1,1,2,3,5,6,7,7,7,7,11,18,21,21,25,28,33,39,46,47,48,52,54,56,63,67,71,75,79,85,
Dodge,0,0,0,0,0,0,0,0,0,0,0,0,0,0,0,1,2,2,3,3,5,5,6,7,8,8,10,10,10,10,10,10,11,13,13,14,
Douglas,0,0,0,0,0,0,0,0,0,0,0,0,0,0,0,0,0,0,0,0,0,0,0,1,1,1,1,1,1,1,1,1,1,1,1,1,
Faribault,0,0,0,0,0,0,0,0,0,0,0,0,0,0,0,0,0,0,0,0,0,1,1,1,1,2,2,2,3,3,3,3,3,3,4,4,
Fillmore,0,0,0,0,0,0,0,0,0,0,0,0,0,0,2,2,2,3,3,3,3,3,5,6,7,8,8,9,9,9,10,10,10,10,10,10,
Freeborn,0,0,0,0,0,0,0,0,0,0,0,0,0,0,0,0,0,0,0,0,0,0,0,0,0,0,2,5,7,10,10,11,14,17,20,21,
Goodhue,0,0,0,0,0,0,0,0,0,0,0,0,0,0,0,0,0,0,0,1,1,2,2,2,3,3,4,4,5,8,10,10,12,13,14,14,
Hennepin,0,0,0,0,0,0,1,3,6,12,22,24,29,33,45,52,57,89,103,111,128,141,152,171,190,204,218,235,242,252,267,280,310,344,375,415,
Houston,0,0,0,0,0,0,0,0,0,0,0,0,0,0,0,0,0,0,0,0,0,0,0,0,0,0,0,0,0,0,1,1,1,1,1,1,
Isanti,0,0,0,0,0,0,0,0,0,0,0,0,0,0,0,0,0,0,0,0,0,0,0,1,2,2,2,2,2,3,4,4,4,4,4,4,
Itasca,0,0,0,0,0,0,0,0,0,0,0,0,0,0,0,0,0,0,0,0,0,0,0,0,1,1,1,2,2,2,2,2,2,2,2,2,
Jackson,0,0,0,0,0,0,0,0,0,0,0,0,0,0,0,1,1,1,1,1,1,1,1,1,1,1,1,1,1,1,1,1,1,1,1,1,
Kandiyohi,0,0,0,0,0,0,0,0,0,0,0,0,0,0,0,0,0,0,0,0,1,1,1,1,1,2,2,2,2,2,2,2,2,2,2,2,
Koochiching,0,0,0,0,0,0,0,0,0,0,0,0,0,0,0,0,0,0,0,0,0,0,0,0,0,0,0,1,1,1,1,1,1,1,1,1,
Lac qui Parle,0,0,0,0,0,0,0,0,0,0,0,0,0,0,0,0,0,1,1,1,1,1,1,1,1,1,1,1,1,1,1,1,1,1,1,1,
Le Sueur,0,0,0,0,0,0,0,0,0,0,0,0,0,0,0,0,1,1,5,6,6,10,11,11,13,15,15,18,19,20,20,20,20,20,20,20,
Lincoln,0,0,0,0,0,0,0,0,0,0,0,0,0,0,0,0,0,0,0,0,0,1,1,1,1,1,1,1,1,1,1,2,2,2,2,2,
Lyon,0,0,0,0,0,0,0,0,0,0,0,0,0,0,0,0,0,0,0,0,0,0,0,0,0,1,2,3,3,3,3,4,4,4,5,5,
Mahnomen,0,0,0,0,0,0,0,0,0,0,0,0,0,0,0,0,0,0,0,0,1,1,1,1,1,1,1,1,1,1,1,1,1,1,1,1,
Martin,0,0,0,0,0,0,0,0,0,0,0,0,2,3,4,5,8,8,8,10,12,18,19,21,23,25,29,29,32,32,32,33,34,34,35,36,
McLeod,0,0,0,0,0,0,0,0,0,0,0,0,0,0,0,0,0,0,0,0,0,0,0,0,0,0,0,0,0,1,1,1,1,1,2,2,
Meeker,0,0,0,0,0,0,0,0,0,0,0,0,0,0,0,0,0,0,0,0,0,0,0,0,1,1,1,1,1,1,1,1,1,1,2,2,
Mower,0,0,0,0,0,0,0,0,0,0,0,0,0,1,1,3,6,6,6,6,10,10,11,11,12,13,14,15,15,17,17,17,18,18,20,22,
Murray,0,0,0,0,0,0,0,0,0,0,0,0,0,0,0,0,0,0,0,0,0,0,0,0,0,0,0,0,0,0,0,1,1,1,1,1,
Nicollet,0,0,0,0,0,0,0,0,0,0,0,0,2,2,2,3,3,3,3,3,3,3,3,3,3,3,3,3,3,4,4,4,4,5,5,6,
Nobles,0,0,0,0,0,0,0,0,0,0,0,0,0,0,0,0,0,0,0,0,0,0,0,0,0,0,0,0,0,0,0,0,0,0,0,1,
Olmsted,0,0,0,0,0,1,1,1,1,2,3,5,6,6,11,12,14,16,18,21,29,34,37,47,51,53,61,66,76,88,95,96,103,108,114,126,
Otter Tail,0,0,0,0,0,0,0,0,0,0,0,0,0,0,0,0,0,0,0,0,0,0,0,1,1,1,1,1,1,1,1,2,2,2,3,3,
Pine,0,0,0,0,0,0,0,0,0,0,0,0,0,0,0,0,0,0,0,0,0,0,0,0,0,0,0,0,0,0,0,0,0,1,2,3,
Pipestone,0,0,0,0,0,0,0,0,0,0,0,0,0,0,0,0,0,0,0,0,0,0,0,0,0,0,0,0,0,0,1,1,1,1,1,1,
Polk,0,0,0,0,0,0,0,0,0,0,0,0,0,0,0,0,0,0,0,0,0,0,0,0,0,0,0,0,0,1,1,1,1,1,1,1,
Ramsey,1,1,1,1,1,2,3,3,4,8,10,11,12,12,16,17,18,24,26,27,32,34,42,46,50,56,66,67,71,79,91,96,101,112,121,124,
Redwood,0,0,0,0,0,0,0,0,0,0,0,0,0,0,0,0,0,0,0,0,0,0,0,0,0,0,0,0,0,0,0,1,1,1,1,1,
Renville,0,0,0,0,0,0,0,0,1,1,1,1,1,1,1,1,1,1,1,1,1,1,1,1,1,1,1,2,2,2,2,2,2,2,2,2,
Rice,0,0,0,0,0,0,0,0,0,0,0,0,0,1,1,1,1,2,2,2,2,2,3,3,3,3,4,3,3,4,4,4,4,4,4,4,
Roseau,0,0,0,0,0,0,0,0,0,0,0,0,0,0,0,0,0,0,0,0,0,0,0,0,0,0,0,0,0,0,0,0,1,1,1,1,
Scott,0,0,0,0,0,0,0,0,0,0,0,0,1,1,2,2,3,5,5,6,6,7,8,9,10,10,10,10,11,12,13,15,16,17,19,19,
Sherburne,0,0,0,0,0,0,0,0,0,0,0,0,0,0,0,0,0,1,1,1,1,3,5,5,7,8,8,8,8,9,10,10,10,9,9,9,
Sibley,0,0,0,0,0,0,0,0,0,0,0,0,0,0,0,0,0,0,0,0,1,1,1,1,1,1,1,1,1,1,1,1,1,1,1,1,
Stearns,0,0,0,0,0,0,1,2,3,3,3,3,3,4,4,4,4,5,5,5,5,5,5,5,5,5,5,5,5,6,6,6,6,7,7,7,
Steele,0,0,0,0,0,0,0,0,0,0,0,0,0,0,0,2,3,5,5,5,5,5,5,5,6,6,6,6,6,8,8,8,8,8,8,9,
St. Louis,0,0,0,0,0,0,0,0,0,0,0,0,0,0,0,1,1,2,2,3,5,5,5,10,12,12,13,13,13,13,15,16,17,28,33,34,
Swift,0,0,0,0,0,0,0,0,0,0,0,0,0,0,0,0,0,0,0,0,0,0,0,0,0,0,0,0,0,0,0,0,1,1,1,1,
Traverse,0,0,0,0,0,0,0,0,0,0,0,0,0,0,0,0,0,0,0,0,0,0,0,0,0,2,2,2,2,2,2,2,2,2,2,2,
Wabasha,0,0,0,0,0,0,0,0,0,0,0,0,0,0,0,1,1,1,1,3,4,4,4,4,6,6,6,6,6,6,6,6,6,6,6,6,
Waseca,0,0,0,0,0,0,0,0,0,1,1,1,1,1,1,1,1,1,1,1,2,3,3,3,3,3,3,3,3,3,3,3,3,3,3,3,
Washington,0,0,0,0,0,0,0,0,0,1,2,2,3,3,3,4,7,10,10,13,15,22,25,27,34,39,44,46,51,54,62,65,68,70,72,73,
Watonwan,0,0,0,0,0,0,0,0,0,0,0,0,0,0,0,0,0,0,0,0,0,0,0,0,1,1,2,3,3,3,4,4,4,4,4,4,
Wilkin,0,0,0,0,0,0,0,0,0,0,0,0,0,0,0,0,0,0,0,0,1,1,1,1,1,1,1,1,2,2,2,2,2,2,5,6,
Winona,0,0,0,0,0,0,0,0,0,0,0,0,0,0,0,0,0,0,0,2,4,4,4,4,5,10,10,11,11,13,14,14,16,19,20,26,
Wright,0,0,0,0,0,0,0,1,1,1,1,1,2,2,2,3,3,3,3,3,5,5,5,6,6,6,6,7,7,8,9,9,12,12,12,14,
Yellow Medicine,0,0,0,0,0,0,0,0,0,0,0,0,0,0,0,0,0,0,0,0,0,0,0,0,0,0,1,1,1,1,1,1,1,2,2,2,
