date,total_confirmed_cases,cases_daily_change,cases_daily_change_rolling,cases_newly_reported,cases_removed,cases_sample_date,cases_sample_date_rolling,cases_total_sample_date,new_hosp_admissions,new_hosp_admissions_rolling,new_icu_admissions,new_icu_admissions_rolling,total_hospitalized,total_icu_admissions,currently_hospitalized,currently_in_icu,hosp_total_daily_change,hosp_total_daily_rolling,icu_total_daily_change,icu_total_daily_rolling,total_statewide_deaths,new_statewide_deaths,new_statewide_deaths_rolling,total_statewide_recoveries,total_completed_tests,new_completed_tests,new_completed_tests_rolling,daily_pct_positive,daily_pct_positive_rolling
2020-03-05,0,0.0,0.0,0.0,0.0,1,1.0,1,2,2.0,1,1.0,0,0,0.0,0.0,0,0.0,0,0.0,0,0,0.0,0,,,,,
2020-03-06,1,1.0,0.5,0.0,0.0,0,0.5,1,0,1.0,0,0.5,0,0,0.0,0.0,0,0.0,0,0.0,0,0,0.0,0,,,,,
2020-03-07,1,0.0,0.3,0.0,0.0,1,0.7,2,0,0.7,0,0.3,0,0,0.0,0.0,0,0.0,0,0.0,0,0,0.0,0,,,,,
2020-03-08,2,1.0,0.5,0.0,0.0,0,0.5,2,0,0.5,0,0.2,0,0,0.0,0.0,0,0.0,0,0.0,0,0,0.0,0,,,,,
2020-03-09,2,0.0,0.4,0.0,0.0,3,1.0,5,1,0.6,1,0.4,0,0,0.0,0.0,0,0.0,0,0.0,0,0,0.0,0,,,,,
2020-03-10,3,1.0,0.5,0.0,0.0,6,1.8,11,0,0.5,0,0.3,0,0,0.0,0.0,0,0.0,0,0.0,0,0,0.0,0,,,,,
2020-03-11,5,2.0,0.7,0.0,0.0,10,3.0,21,1,0.6,0,0.3,0,0,0.0,0.0,0,0.0,0,0.0,0,0,0.0,0,,,,,
2020-03-12,9,4.0,1.3,0.0,0.0,22,6.0,43,2,0.6,0,0.1,0,0,0.0,0.0,0,0.0,0,0.0,0,0,0.0,0,,,,,
2020-03-13,14,5.0,1.9,0.0,0.0,19,8.7,62,0,0.6,0,0.1,0,0,0.0,0.0,0,0.0,0,0.0,0,0,0.0,0,,,,,
2020-03-14,21,7.0,2.9,0.0,0.0,28,12.6,90,2,0.9,0,0.1,0,0,0.0,0.0,0,0.0,0,0.0,0,0,0.0,0,,,,,
2020-03-15,35,14.0,4.7,0.0,0.0,38,18.0,128,2,1.1,0,0.1,1,0,1.0,0.0,0,0.0,0,0.0,0,0,0.0,0,,,,,
2020-03-16,54,19.0,7.4,0.0,0.0,51,24.9,179,4,1.6,0,0.0,3,0,3.0,0.0,2,0.3,0,0.0,0,0,0.0,0,,,,,
2020-03-17,60,6.0,8.1,0.0,0.0,67,33.6,246,2,1.9,0,0.0,3,0,3.0,1.0,0,0.3,0,0.0,0,0,0.0,0,,,,,
2020-03-18,77,17.0,10.3,0.0,0.0,23,35.4,269,3,2.1,2,0.3,7,0,4.0,1.0,4,0.9,0,0.0,0,0,0.0,0,,,,,
2020-03-19,89,12.0,11.4,0.0,0.0,18,34.9,287,10,3.3,1,0.4,7,1,7.0,1.0,0,0.9,1,0.1,0,0,0.0,24,,,,,
2020-03-20,115,26.0,14.4,0.0,0.0,16,34.4,303,4,3.9,2,0.7,7,2,5.0,2.0,0,0.9,1,0.3,0,0,0.0,24,,,,,
2020-03-21,137,22.0,16.6,0.0,0.0,24,33.9,327,6,4.4,1,0.9,12,5,6.0,4.0,5,1.6,3,0.7,1,1,0.1,38,,,,,
2020-03-22,169,32.0,19.1,0.0,0.0,22,31.6,349,6,5.0,3,1.3,12,5,10.0,5.0,0,1.6,0,0.7,1,0,0.1,40,,,,,
2020-03-23,235,66.0,25.9,0.0,0.0,45,30.7,394,8,5.6,0,1.3,21,5,12.0,5.0,9,2.6,0,0.7,1,0,0.1,46,,,,,
2020-03-24,262,27.0,28.9,0.0,0.0,51,28.4,445,12,7.0,4,1.9,21,7,15.0,7.0,0,2.6,2,1.0,1,0,0.1,88,,,,,
2020-03-25,287,25.0,30.0,0.0,0.0,58,33.4,503,14,8.6,6,2.4,35,12,26.0,12.0,14,4.0,5,1.7,1,0,0.1,122,,,,,
2020-03-26,346,59.0,36.7,0.0,0.0,63,39.9,566,24,10.6,9,3.6,41,13,31.0,13.0,6,4.9,1,1.7,2,1,0.3,134,,,,,
2020-03-27,397,51.0,40.3,0.0,0.0,75,48.3,641,14,12.0,6,4.1,51,17,34.0,17.0,10,6.3,4,2.1,4,2,0.6,180,,,,,
2020-03-28,441,44.0,43.4,0.0,0.0,47,51.6,688,19,13.9,11,5.6,57,17,30.0,13.0,6,6.4,0,1.7,5,1,0.6,220,,,,,
2020-03-29,503,62.0,47.7,0.0,0.0,38,53.9,726,16,15.3,8,6.3,75,24,39.0,16.0,18,9.0,7,2.7,9,4,1.1,252,18079.0,1522.0,1522.0,0.041,0.041
2020-03-30,576,73.0,48.7,0.0,0.0,98,61.4,824,12,15.9,4,6.9,92,25,56.0,24.0,17,10.1,1,2.9,10,1,1.3,260,19288.0,1209.0,1365.5,0.06,0.05
2020-03-31,629,53.0,52.4,0.0,0.0,93,67.4,917,17,16.6,5,7.0,112,32,56.0,26.0,20,13.0,7,3.6,12,2,1.6,288,20334.0,1046.0,1259.0,0.051,0.051
2020-04-01,689,60.0,57.4,0.0,0.0,58,67.4,975,25,18.1,10,7.6,122,40,54.0,27.0,10,12.4,8,4.0,17,5,2.3,342,21851.0,1517.0,1323.5,0.04,0.048
2020-04-02,742,53.0,56.6,0.0,0.0,85,70.6,1060,24,18.1,12,8.0,138,49,75.0,38.0,16,13.9,9,5.1,18,1,2.3,373,22853.0,1002.0,1259.2,0.053,0.049
2020-04-03,789,47.0,56.0,0.0,0.0,63,68.9,1123,16,18.4,9,8.4,156,62,86.0,40.0,18,15.0,13,6.4,22,4,2.6,410,24835.0,1982.0,1379.7,0.024,0.045
2020-04-04,865,76.0,60.6,0.0,0.0,38,67.6,1161,12,17.4,4,7.4,180,69,95.0,42.0,24,17.6,7,7.4,24,2,2.7,440,26183.0,1348.0,1375.1,0.056,0.046
2020-04-05,935,70.0,61.7,0.0,0.0,60,70.7,1221,23,18.4,7,7.3,202,77,106.0,48.0,22,18.1,8,7.6,29,5,2.9,451,27846.0,1663.0,1395.3,0.042,0.047
2020-04-06,986,51.0,58.6,0.0,0.0,113,72.9,1334,23,20.0,7,7.7,223,90,115.0,57.0,21,18.7,13,9.3,30,1,2.9,470,29311.0,1465.0,1431.9,0.035,0.043
2020-04-07,1069,83.0,62.9,0.0,0.0,103,74.3,1437,29,21.7,5,7.7,242,100,120.0,64.0,19,18.6,10,9.7,34,4,3.1,549,30490.0,1179.0,1450.9,0.07,0.046
2020-04-08,1154,85.0,66.4,0.0,0.0,102,80.6,1539,19,20.9,7,7.3,271,105,135.0,64.0,29,21.3,5,9.3,39,5,3.1,632,32042.0,1552.0,1455.9,0.055,0.048
2020-04-09,1242,88.0,71.4,0.0,0.0,103,83.1,1642,31,21.9,16,7.9,293,119,145.0,63.0,22,22.1,14,10.0,50,11,4.6,675,33495.0,1453.0,1520.3,0.061,0.049
2020-04-10,1336,94.0,78.1,0.0,0.0,95,87.7,1737,21,22.6,6,7.4,317,131,143.0,64.0,24,23.0,12,9.9,57,7,5.0,732,35326.0,1831.0,1498.7,0.051,0.053
2020-04-11,1427,91.0,80.3,0.0,0.0,74,92.9,1811,17,23.3,7,7.9,340,138,145.0,69.0,23,22.9,7,9.9,64,7,5.7,793,37084.0,1758.0,1557.3,0.052,0.052
2020-04-12,1621,194.0,98.0,0.0,0.0,57,92.4,1868,34,24.9,11,8.4,361,146,157.0,74.0,21,22.7,8,9.9,70,6,5.9,842,38710.0,1626.0,1552.0,0.119,0.063
2020-04-13,1650,29.0,94.9,0.0,0.0,147,97.3,2015,26,25.3,10,8.9,361,146,157.0,74.0,0,19.7,0,8.0,70,0,5.7,842,39899.0,1189.0,1512.6,0.024,0.062
2020-04-14,1695,45.0,89.4,0.0,0.0,156,104.9,2171,35,26.1,16,10.4,405,155,177.0,75.0,44,23.3,9,7.9,79,9,6.4,909,40684.0,785.0,1456.3,0.057,0.06
2020-04-15,1809,114.0,93.6,0.0,0.0,152,112.0,2323,42,29.4,9,10.7,445,175,197.0,93.0,40,24.9,20,10.0,87,8,6.9,940,41873.0,1189.0,1404.4,0.096,0.066
2020-04-16,1912,103.0,95.7,0.0,0.0,184,123.6,2507,28,29.0,11,10.0,475,188,213.0,103.0,30,26.0,13,9.9,94,7,6.3,1020,43569.0,1696.0,1439.1,0.061,0.066
2020-04-17,2071,159.0,105.0,0.0,0.0,180,135.7,2687,33,30.7,17,11.6,518,202,223.0,106.0,43,28.7,14,10.1,111,17,7.7,1066,45023.0,1454.0,1385.3,0.109,0.074
2020-04-18,2213,142.0,112.3,0.0,0.0,123,142.7,2810,32,32.9,11,12.1,561,215,239.0,111.0,43,31.6,13,11.0,121,10,8.1,1118,46488.0,1465.0,1343.4,0.097,0.08
2020-04-19,2356,143.0,105.0,0.0,0.0,126,152.6,2936,24,31.4,8,11.7,574,226,228.0,116.0,13,30.4,11,11.4,134,13,9.1,1160,47969.0,1481.0,1322.7,0.097,0.077
2020-04-20,2470,114.0,117.1,0.0,0.0,277,171.1,3213,38,33.1,13,12.1,602,241,237.0,126.0,28,34.4,15,13.6,142,9,10.4,1202,49199.0,1230.0,1328.6,0.093,0.087
2020-04-21,2567,97.0,124.6,0.0,0.0,263,186.4,3476,40,33.9,11,11.4,629,253,237.0,117.0,27,32.0,12,14.0,160,17,11.6,1254,50039.0,840.0,1336.4,0.115,0.095
2020-04-22,2721,154.0,130.3,0.0,0.0,307,208.6,3783,48,34.7,11,11.7,660,262,240.0,107.0,31,30.7,9,12.4,179,19,13.1,1317,51786.0,1747.0,1416.1,0.088,0.094
2020-04-23,2942,221.0,147.1,0.0,0.0,536,258.9,4319,46,37.3,11,11.7,712,274,268.0,104.0,52,33.9,12,12.3,200,21,15.1,1536,53915.0,2129.0,1478.0,0.104,0.1
2020-04-24,3185,243.0,159.1,0.0,0.0,524,308.0,4843,49,39.6,12,11.0,756,281,278.0,111.0,44,34.0,7,11.3,221,21,15.7,1594,56404.0,2489.0,1625.9,0.098,0.099
2020-04-25,3446,261.0,176.1,0.0,0.0,340,339.0,5183,42,41.0,12,11.1,797,291,288.0,109.0,41,33.7,10,10.9,244,23,17.6,1654,59494.0,3090.0,1858.0,0.084,0.097
2020-04-26,3602,156.0,178.0,0.0,0.0,386,376.1,5569,46,44.1,15,12.1,829,301,285.0,115.0,32,36.4,10,10.7,272,28,19.7,1774,62113.0,2619.0,2020.6,0.06,0.092
2020-04-27,3816,214.0,192.3,0.0,0.0,681,433.9,6250,62,47.6,14,12.3,861,316,292.0,122.0,32,37.0,15,10.7,286,14,20.4,1842,64676.0,2563.0,2211.0,0.083,0.09
2020-04-28,4181,365.0,230.6,0.0,0.0,608,483.1,6858,51,49.1,16,13.0,912,324,314.0,120.0,51,40.4,8,10.1,301,15,20.1,1912,66693.0,2017.0,2379.1,0.181,0.1
2020-04-29,4644,463.0,274.7,0.0,0.0,686,537.3,7544,65,51.6,22,14.6,950,337,320.0,119.0,38,41.4,13,10.7,319,18,20.0,2043,70041.0,3348.0,2607.9,0.138,0.107
2020-04-30,5136,492.0,313.4,0.0,0.0,651,553.7,8195,58,53.3,19,15.7,1044,358,365.0,130.0,94,47.4,21,12.0,343,24,20.4,2172,77107.0,7066.0,3313.1,0.07,0.102
2020-05-01,5730,594.0,363.6,0.0,0.0,623,567.9,8818,61,55.0,18,16.6,1096,380,369.0,118.0,52,48.6,22,14.1,371,28,21.4,2282,81450.0,4343.0,3578.0,0.137,0.108
2020-05-02,6228,498.0,397.4,0.0,0.0,337,567.4,9155,72,59.3,30,19.1,1159,404,389.0,135.0,63,51.7,24,16.1,395,24,21.6,2397,85919.0,4469.0,3775.0,0.111,0.111
2020-05-03,6663,435.0,437.3,0.0,0.0,340,560.9,9495,65,62.0,17,19.4,1199,426,373.0,155.0,40,52.9,22,17.9,419,24,21.0,3015,89753.0,3834.0,3948.6,0.113,0.119
2020-05-04,7234,571.0,488.3,0.0,0.0,825,581.4,10320,60,61.7,23,20.7,1271,444,396.0,166.0,72,58.6,18,18.3,428,9,20.3,4212,92915.0,3162.0,4034.1,0.181,0.133
2020-05-05,7851,617.0,524.3,0.0,0.0,650,587.4,10970,60,63.0,19,21.1,1350,475,434.0,182.0,79,62.6,31,21.6,455,27,22.0,4614,96982.0,4067.0,4327.0,0.152,0.129
2020-05-06,8579,728.0,562.1,0.0,0.0,642,581.1,11612,71,63.9,25,21.6,1405,488,443.0,180.0,55,65.0,13,21.6,484,29,23.6,5005,100146.0,3164.0,4300.7,0.23,0.142
2020-05-07,9365,786.0,604.1,0.0,0.0,818,605.0,12430,59,64.0,21,21.9,1459,512,435.0,182.0,54,59.3,24,22.0,507,23,23.4,5308,104609.0,4463.0,3928.9,0.176,0.157
2020-05-08,10088,723.0,622.6,0.0,0.0,714,618.0,13144,62,64.1,20,22.1,1549,540,473.0,198.0,90,64.7,28,22.9,533,26,23.1,5697,109618.0,5009.0,4024.0,0.144,0.158
2020-05-09,10790,702.0,651.7,0.0,0.0,280,609.9,13424,63,62.9,15,20.0,1612,556,476.0,180.0,63,64.7,16,21.7,557,24,23.1,6322,114493.0,4875.0,4082.0,0.144,0.163
2020-05-10,11271,481.0,658.3,0.0,0.0,230,594.1,13654,55,61.4,15,19.7,1687,581,434.0,199.0,75,69.7,25,22.1,577,20,22.6,6882,119402.0,4909.0,4235.6,0.098,0.161
2020-05-11,11799,528.0,652.1,0.0,0.0,821,593.6,14475,61,61.6,18,19.0,1716,600,452.0,194.0,29,63.6,19,22.3,590,13,23.1,7536,124697.0,5295.0,4540.3,0.1,0.149
2020-05-12,12494,695.0,663.3,0.0,0.0,662,595.3,15137,55,60.9,17,18.7,1799,625,496.0,199.0,83,64.1,25,21.4,613,23,22.6,8223,129997.0,5300.0,4716.4,0.131,0.146
2020-05-13,12917,423.0,619.7,0.0,0.0,736,608.7,15873,72,61.0,17,17.6,1851,647,494.0,199.0,52,63.7,22,22.7,637,24,21.9,8787,134009.0,4012.0,4837.6,0.105,0.128
2020-05-14,13435,518.0,581.4,523.0,5.0,799,606.0,16672,60,61.1,13,16.4,1915,663,498.0,203.0,64,65.1,16,21.6,662,25,22.1,9136,141298.0,7289.0,5241.3,0.071,0.113
2020-05-15,14240,805.0,593.1,808.0,3.0,797,617.9,17469,65,61.6,12,15.3,1985,679,498.0,200.0,70,62.3,16,19.9,682,20,21.3,9503,148029.0,6731.0,5487.3,0.12,0.11
2020-05-16,14969,729.0,597.0,740.0,11.0,344,627.0,17813,76,63.4,23,16.4,2039,700,493.0,225.0,54,61.0,21,20.6,699,17,20.3,10271,157256.0,9227.0,6109.0,0.079,0.101
2020-05-17,15668,699.0,628.1,699.0,0.0,312,638.7,18125,57,63.7,20,17.1,2090,716,487.0,221.0,51,57.6,16,19.3,721,22,20.6,10897,165247.0,7991.0,6549.3,0.087,0.099
2020-05-18,16372,704.0,653.3,705.0,1.0,971,660.1,19096,69,64.9,19,17.3,2128,731,488.0,229.0,38,58.9,15,18.7,730,9,20.0,10764,171220.0,5973.0,6646.1,0.118,0.102
2020-05-19,17029,657.0,647.9,665.0,8.0,859,688.3,19955,86,69.3,22,18.0,2221,750,545.0,229.0,93,60.3,19,17.9,747,17,19.1,11540,177606.0,6386.0,6801.3,0.103,0.098
2020-05-20,17670,641.0,679.0,645.0,4.0,768,692.9,20723,79,70.3,25,19.1,2308,773,550.0,212.0,87,65.3,23,18.0,776,29,19.9,12227,183975.0,6369.0,7138.0,0.101,0.097
2020-05-21,18200,530.0,680.7,539.0,9.0,986,719.6,21709,83,73.6,16,19.6,2380,787,566.0,229.0,72,66.4,14,17.7,808,32,20.9,12488,190933.0,6958.0,7090.7,0.076,0.098
2020-05-22,19005,805.0,680.7,813.0,8.0,792,718.9,22501,70,74.3,22,21.0,2432,806,534.0,233.0,52,63.9,19,18.1,841,33,22.7,12696,199181.0,8248.0,7307.4,0.098,0.095
2020-05-23,19845,840.0,696.6,847.0,7.0,401,727.0,22902,63,72.4,20,20.6,2534,832,568.0,215.0,102,70.7,26,18.9,851,10,21.7,13485,208892.0,9711.0,7376.6,0.086,0.096
2020-05-24,20573,728.0,700.7,730.0,2.0,358,733.6,23260,56,72.3,17,20.1,2588,841,553.0,207.0,54,71.1,9,17.9,868,17,21.0,14115,217785.0,8893.0,7505.4,0.082,0.095
2020-05-25,21315,742.0,706.1,745.0,3.0,411,653.6,23671,68,72.1,15,19.6,2676,869,605.0,248.0,88,78.3,28,19.7,880,12,21.4,14816,224759.0,6974.0,7648.4,0.106,0.093
2020-05-26,21960,645.0,704.4,652.0,7.0,801,645.3,24472,78,71.0,16,18.7,2709,886,570.0,258.0,33,69.7,17,19.4,898,18,21.6,15523,231406.0,6647.0,7685.7,0.097,0.092
2020-05-27,22464,504.0,684.9,510.0,6.0,683,633.1,25155,61,68.4,20,18.0,2796,902,598.0,260.0,87,69.7,16,18.4,931,33,22.1,16314,238341.0,6935.0,7766.6,0.073,0.088
2020-05-28,22947,483.0,678.1,493.0,10.0,577,574.7,25732,53,64.1,25,19.3,2880,924,606.0,242.0,84,71.4,22,19.6,966,35,22.6,16655,247895.0,9554.0,8137.4,0.051,0.085
2020-05-29,23531,584.0,646.6,590.0,6.0,459,527.1,26191,49,61.1,12,17.9,2936,938,592.0,259.0,56,72.0,14,18.9,995,29,22.0,16930,257841.0,9946.0,8380.0,0.059,0.079
2020-05-30,24190,659.0,620.7,660.0,1.0,169,494.0,26360,39,57.7,12,16.7,3011,960,589.0,263.0,75,68.1,22,18.3,1025,30,24.9,17864,268208.0,10367.0,8473.7,0.064,0.076
2020-05-31,24850,660.0,611.0,664.0,4.0,143,463.3,26503,42,55.7,16,16.6,3047,971,555.0,257.0,36,65.6,11,18.6,1039,14,24.4,18695,276639.0,8431.0,8407.7,0.078,0.075
2020-06-01,25208,358.0,556.1,361.0,3.0,588,488.6,27091,62,54.9,16,16.7,3086,981,549.0,253.0,39,58.6,10,16.0,1049,10,24.1,19441,283518.0,6879.0,8394.1,0.052,0.068
2020-06-02,25508,300.0,506.9,310.0,10.0,488,443.9,27579,38,49.1,11,16.0,3134,1003,537.0,248.0,48,60.7,22,16.7,1071,22,24.7,20381,287696.0,4178.0,8041.4,0.072,0.064
2020-06-03,25870,362.0,486.6,372.0,10.0,527,421.6,28106,30,44.7,6,14.0,3203,1022,537.0,254.0,69,58.1,19,17.1,1085,14,22.0,21169,295374.0,7678.0,8147.6,0.047,0.06
2020-06-04,26273,403.0,475.1,404.0,1.0,409,397.6,28515,42,43.1,11,12.0,3253,1033,512.0,244.0,50,53.3,11,15.6,1114,29,21.1,21490,311274.0,15900.0,9054.1,0.025,0.057
2020-06-05,26980,707.0,492.7,712.0,0.0,413,391.0,28928,31,40.6,5,11.0,3289,1044,478.0,220.0,36,50.4,11,15.1,1147,33,21.7,21864,322379.0,11105.0,9219.7,0.064,0.057
2020-06-06,27501,521.0,473.0,526.0,5.0,164,390.3,29092,39,40.6,8,10.4,3336,1044,473.0,206.0,47,46.4,0,12.0,1169,22,20.6,22253,333528.0,11149.0,9331.4,0.047,0.055
2020-06-07,27886,385.0,433.7,388.0,3.0,138,389.6,29230,38,40.0,18,10.7,3367,1043,450.0,199.0,31,45.7,-1,10.3,1185,16,20.9,22992,344072.0,10544.0,9633.3,0.037,0.049
2020-06-08,28224,338.0,430.9,338.0,0.0,485,374.9,29715,43,37.3,7,9.4,3401,1052,452.0,198.0,34,45.0,9,10.1,1196,11,21.0,23657,353670.0,9598.0,10021.7,0.035,0.047
2020-06-09,28523,299.0,430.7,307.0,8.0,459,370.7,30174,33,36.6,6,8.7,3441,1068,455.0,199.0,40,43.9,16,9.3,1216,20,20.7,24221,361837.0,8167.0,10591.6,0.037,0.042
2020-06-10,28869,346.0,428.4,352.0,6.0,405,353.3,30579,37,37.6,7,8.9,3482,1083,427.0,193.0,41,39.9,15,8.7,1235,19,21.4,24675,370720.0,8883.0,10763.7,0.039,0.041
2020-06-11,29316,447.0,434.7,453.0,6.0,348,344.6,30927,29,35.7,6,8.1,3522,1091,411.0,196.0,40,38.4,8,8.3,1247,12,19.0,24870,382778.0,12058.0,10214.9,0.037,0.042
2020-06-12,29795,479.0,402.1,490.0,11.0,311,330.0,31238,30,35.6,8,8.6,3557,1093,403.0,191.0,35,38.3,2,7.0,1272,25,17.9,25028,396433.0,13655.0,10579.1,0.035,0.038
2020-06-13,30172,377.0,381.6,394.0,17.0,153,328.4,31391,21,33.0,10,8.9,3581,1104,390.0,191.0,24,35.0,11,8.6,1281,9,16.0,25620,409368.0,12935.0,10834.3,0.029,0.036
2020-06-14,30471,299.0,369.3,311.0,12.0,150,330.1,31541,27,31.4,8,7.4,3610,1110,369.0,186.0,29,34.7,6,9.6,1295,14,15.7,26090,419367.0,9999.0,10756.4,0.03,0.035
2020-06-15,30693,222.0,352.7,230.0,8.0,418,320.6,31959,35,30.3,8,7.6,3630,1121,353.0,186.0,20,32.7,11,9.9,1301,6,15.0,26609,424461.0,5094.0,10113.0,0.044,0.036
2020-06-16,30882,189.0,337.0,197.0,8.0,413,314.0,32372,24,29.0,8,7.9,3658,1128,357.0,185.0,28,31.0,7,8.6,1310,9,13.4,27006,430902.0,6441.0,9866.4,0.029,0.035
2020-06-17,31296,414.0,346.7,419.0,5.0,431,317.7,32803,28,27.7,7,7.9,3689,1136,351.0,181.0,31,29.6,8,7.6,1322,12,12.4,27404,450425.0,19523.0,11386.4,0.021,0.032
2020-06-18,31675,379.0,337.0,387.0,8.0,392,324.0,33195,24,27.0,9,8.3,3718,1144,345.0,171.0,29,28.0,8,7.6,1341,19,13.4,27566,463085.0,12660.0,11472.4,0.03,0.031
2020-06-19,32031,356.0,319.4,362.0,6.0,350,329.6,33545,39,28.3,8,8.3,3748,1150,339.0,168.0,30,27.3,6,8.1,1358,17,12.3,27709,477410.0,14325.0,11568.1,0.025,0.03
2020-06-20,32467,436.0,327.9,438.0,2.0,224,339.7,33769,25,28.9,12,8.6,3767,1155,324.0,161.0,19,26.6,5,7.3,1370,12,12.7,28205,494258.0,16848.0,12127.1,0.026,0.029
2020-06-21,32920,453.0,349.9,461.0,8.0,199,346.7,33968,30,29.3,7,8.4,3797,1163,322.0,160.0,30,26.7,8,7.6,1378,8,11.9,28663,506595.0,12337.0,12461.1,0.037,0.03
2020-06-22,33227,307.0,362.0,308.0,1.0,494,357.6,34462,33,29.0,11,8.9,3830,1180,332.0,156.0,33,28.6,17,8.4,1382,4,11.6,29065,515372.0,8777.0,12987.3,0.035,0.029
2020-06-23,33469,242.0,369.6,245.0,3.0,592,383.1,35054,28,29.6,13,9.6,3860,1191,339.0,158.0,30,28.9,11,9.0,1391,9,11.6,29399,522738.0,7366.0,13119.4,0.033,0.03
2020-06-24,33763,294.0,352.4,304.0,10.0,519,395.7,35573,30,29.9,8,9.7,3897,1203,340.0,160.0,37,29.7,12,9.6,1396,5,10.6,29707,532500.0,9762.0,11725.0,0.03,0.031
2020-06-25,34123,360.0,349.7,365.0,5.0,488,409.4,36061,28,30.4,9,9.7,3943,1218,336.0,162.0,46,32.1,15,10.6,1405,9,9.1,29854,545364.0,12864.0,11754.1,0.028,0.031
2020-06-26,34616,493.0,369.3,498.0,5.0,529,435.0,36590,25,28.4,10,10.0,3966,1221,335.0,157.0,23,31.1,3,10.1,1410,5,7.4,30008,560121.0,14757.0,11815.9,0.033,0.032
2020-06-27,35033,417.0,366.6,427.0,10.0,280,443.0,36870,19,27.6,8,9.4,3986,1233,300.0,155.0,20,31.3,12,11.1,1416,6,6.6,30401,573114.0,12993.0,11265.1,0.032,0.033
2020-06-28,35549,516.0,375.6,523.0,10.0,244,449.4,37114,19,26.0,6,9.3,4010,1241,288.0,143.0,24,30.4,8,11.1,1424,8,6.6,30809,588218.0,15104.0,11660.4,0.034,0.032
2020-06-29,35861,312.0,376.3,315.0,3.0,607,465.6,37721,39,26.9,6,8.6,4031,1249,278.0,140.0,21,28.7,8,9.9,1434,10,7.4,31225,596006.0,7788.0,11519.1,0.04,0.033
2020-06-30,36303,442.0,404.9,444.0,2.0,602,467.0,38323,34,27.7,12,8.4,4054,1258,270.0,136.0,23,27.7,9,9.6,1440,6,7.0,31601,608422.0,12416.0,12240.6,0.036,0.033
2020-07-01,36716,413.0,421.9,426.0,13.0,640,484.3,38963,21,26.4,6,8.1,4081,1258,260.0,125.0,27,26.3,0,7.9,1444,4,6.9,31947,620376.0,11954.0,12553.7,0.035,0.034
2020-07-02,37210,494.0,441.0,500.0,6.0,575,496.7,39538,26,26.1,9,8.1,4112,1266,274.0,123.0,31,24.1,8,6.9,1457,13,7.4,32163,633978.0,13602.0,12659.1,0.036,0.035
2020-07-03,37624,414.0,429.7,423.0,9.0,424,481.7,39962,26,26.3,1,6.9,4139,1277,270.0,132.0,27,24.7,11,8.0,1465,8,7.9,32347,648708.0,14730.0,12655.3,0.028,0.034
2020-07-04,37624,,431.8,,,101,456.1,40063,25,27.1,6,6.6,4139,1277,,,0,21.9,0,6.3,1465,0,7.0,32347,662858.0,14150.0,12820.6,,0.035
2020-07-05,38136,512.0,431.2,519.0,7.0,281,461.4,40344,30,28.7,6,6.6,4170,1287,253.0,132.0,31,22.9,10,6.6,1470,5,6.6,33408,677509.0,14651.0,12755.9,0.035,0.035
2020-07-06,38569,433.0,451.3,434.0,1.0,780,486.1,41124,34,28.0,9,7.0,4219,1290,258.0,125.0,49,26.9,3,5.9,1473,3,5.6,33907,683492.0,5983.0,12498.0,0.072,0.04
2020-07-07,39133,564.0,471.7,569.0,5.0,721,503.1,41845,25,26.7,8,6.4,4252,1295,267.0,121.0,33,28.3,5,5.3,1476,3,5.1,34377,689382.0,5890.0,11565.7,0.096,0.05
2020-07-08,39589,456.0,478.8,463.0,7.0,810,527.4,42655,33,28.4,12,7.3,4272,1302,265.0,122.0,20,27.3,7,6.3,1484,8,5.7,34902,696976.0,7594.0,10942.9,0.06,0.055
2020-07-09,40163,574.0,492.2,589.0,15.0,773,555.7,43428,31,29.1,5,6.7,4305,1312,251.0,116.0,33,27.6,10,6.6,1489,5,4.6,35193,710889.0,13913.0,10987.3,0.041,0.055
2020-07-10,40767,604.0,523.8,609.0,5.0,779,606.4,44207,30,29.7,6,7.4,4329,1320,227.0,124.0,24,27.1,8,6.1,1494,5,4.1,35442,730380.0,19491.0,11667.4,0.031,0.056
2020-07-11,41571,804.0,563.9,806.0,2.0,289,633.3,44496,27,30.0,4,7.1,4366,1325,241.0,121.0,37,32.4,5,6.9,1498,4,4.7,36012,746565.0,16185.0,11958.1,0.05,0.055
2020-07-12,42281,710.0,592.1,715.0,5.0,352,643.4,44848,30,30.0,6,7.1,4399,1335,251.0,123.0,33,32.7,10,6.9,1501,3,4.4,36582,761357.0,14792.0,11978.3,0.048,0.057
2020-07-13,42772,491.0,600.4,499.0,8.0,770,642.0,45618,34,30.0,4,6.4,4424,1338,247.0,114.0,25,29.3,3,6.9,1503,2,4.3,37199,773410.0,12053.0,12845.4,0.041,0.052
2020-07-14,43170,398.0,576.7,403.0,5.0,836,658.4,46454,31,30.9,8,6.4,4452,1348,236.0,107.0,28,28.6,10,7.6,1509,6,4.7,37749,782312.0,8902.0,13275.7,0.045,0.045
2020-07-15,43742,572.0,593.3,578.0,6.0,813,658.9,47267,41,32.0,12,6.4,4495,1353,254.0,106.0,43,31.9,5,7.3,1517,8,4.7,38179,794697.0,12385.0,13960.1,0.046,0.043
2020-07-16,44347,605.0,597.7,611.0,6.0,823,666.0,48090,42,33.6,14,7.7,4526,1357,249.0,103.0,31,31.6,4,6.4,1525,8,5.1,38290,809552.0,14855.0,14094.7,0.041,0.043
2020-07-17,45013,666.0,606.6,669.0,3.0,709,656.0,48799,41,35.1,9,8.1,4563,1369,252.0,110.0,37,33.4,12,7.0,1532,7,5.4,38568,824392.0,14840.0,13430.3,0.045,0.045
2020-07-18,45470,457.0,557.0,464.0,7.0,305,658.3,49104,45,37.7,14,9.6,4602,1377,265.0,117.0,39,33.7,8,7.4,1537,5,5.6,39310,841007.0,16615.0,13491.7,0.028,0.042
2020-07-19,46204,734.0,560.4,737.0,3.0,317,653.3,49421,42,39.4,10,10.1,4627,1389,258.0,120.0,25,32.6,12,7.7,1540,3,5.6,40001,858015.0,17008.0,13808.3,0.043,0.041
2020-07-20,47107,903.0,619.3,922.0,19.0,853,665.1,50274,32,39.1,9,10.9,4678,1397,247.0,115.0,51,36.3,8,8.4,1544,4,5.9,40742,872309.0,14294.0,14128.4,0.063,0.044
2020-07-21,47457,350.0,612.4,352.0,2.0,763,654.7,51037,42,40.7,6,10.6,4723,1412,266.0,112.0,45,38.7,15,9.1,1547,3,5.4,41511,881950.0,9641.0,14234.0,0.036,0.043
2020-07-22,47961,504.0,602.7,507.0,2.0,765,647.9,51802,37,40.1,14,10.9,4771,1423,273.0,119.0,48,39.4,11,10.0,1551,4,4.9,42234,894499.0,12549.0,14257.4,0.04,0.042
2020-07-23,48721,760.0,624.9,763.0,3.0,882,656.3,52684,41,40.0,14,10.9,4818,1431,282.0,107.0,47,41.7,8,10.6,1560,9,5.0,42524,911087.0,16588.0,14505.0,0.046,0.043
2020-07-24,49488,767.0,639.3,773.0,6.0,821,672.3,53505,41,40.0,8,10.7,4852,1437,278.0,108.0,34,41.3,6,9.7,1565,5,4.7,42882,928171.0,17084.0,14825.6,0.045,0.043
2020-07-25,50291,803.0,688.7,805.0,2.0,341,677.4,53846,49,40.6,7,9.7,4889,1440,287.0,115.0,37,41.0,3,9.0,1570,5,4.7,43625,946286.0,18115.0,15039.9,0.044,0.045
2020-07-26,51153,862.0,707.0,871.0,9.0,320,677.9,54166,30,38.9,12,10.0,4920,1448,273.0,115.0,31,41.9,8,8.4,1573,3,4.7,44431,962803.0,16517.0,14969.7,0.052,0.047
2020-07-27,51803,650.0,670.9,650.0,0.0,854,678.0,55020,37,39.6,8,9.9,4961,1458,257.0,126.0,41,40.4,10,8.7,1575,2,4.4,45198,976526.0,13723.0,14888.1,0.047,0.044
2020-07-28,52281,478.0,689.1,480.0,2.0,823,686.6,55843,38,39.0,14,11.0,5028,1474,294.0,138.0,67,43.6,16,8.9,1579,4,4.6,45987,986164.0,9638.0,14887.7,0.05,0.046
2020-07-29,52947,666.0,712.3,681.0,15.0,822,694.7,56665,55,41.6,11,10.6,5077,1484,310.0,143.0,49,43.7,10,8.7,1588,9,5.3,46636,999743.0,13579.0,15034.9,0.049,0.048
2020-07-30,53692,745.0,710.1,745.0,0.0,801,683.1,57466,55,43.6,10,10.0,5112,1490,298.0,141.0,35,42.0,6,8.4,1593,5,4.7,46965,1014698.0,14955.0,14801.6,0.05,0.048
2020-07-31,54463,771.0,710.7,779.0,8.0,722,669.0,58188,36,42.9,5,9.6,5155,1510,312.0,151.0,43,43.3,20,10.4,1599,6,4.9,47289,1031488.0,16790.0,14759.6,0.046,0.048
2020-08-01,55188,725.0,699.6,731.0,6.0,449,684.4,58637,48,42.7,15,10.7,5208,1520,317.0,149.0,53,45.6,10,11.4,1605,6,5.0,48119,1046802.0,15314.0,14359.4,0.047,0.049
2020-08-02,55947,759.0,684.9,769.0,10.0,297,681.1,58934,34,43.3,13,10.9,5241,1532,302.0,149.0,33,45.9,12,12.0,1613,8,5.7,48847,1062245.0,15443.0,14206.0,0.049,0.048
2020-08-03,56560,613.0,679.6,622.0,9.0,850,680.6,59784,49,45.0,15,11.9,5298,1545,302.0,153.0,57,48.1,13,12.4,1615,2,5.7,49565,1078296.0,16051.0,14538.6,0.038,0.047
2020-08-04,57162,602.0,697.3,606.0,4.0,794,676.4,60578,37,44.9,5,10.6,5346,1563,328.0,159.0,48,45.4,18,12.7,1619,4,5.7,50426,1086739.0,8443.0,14367.9,0.071,0.05
2020-08-05,57779,617.0,690.3,629.0,12.0,688,657.3,61266,40,42.7,10,10.4,5373,1575,305.0,152.0,27,42.3,12,13.0,1628,9,5.7,51223,1098696.0,11957.0,14136.1,0.052,0.05
2020-08-06,58640,861.0,706.9,867.0,6.0,733,647.6,61999,47,41.6,8,10.1,5421,1583,319.0,153.0,48,44.1,8,13.3,1635,7,6.0,51604,1113744.0,15048.0,14149.4,0.057,0.051
2020-08-07,59185,545.0,674.6,556.0,11.0,704,645.0,62703,51,43.7,15,11.6,5458,1592,300.0,155.0,37,43.3,9,11.7,1639,4,5.7,51940,1129827.0,16083.0,14048.4,0.034,0.05
2020-08-08,60101,916.0,701.9,924.0,8.0,380,635.1,63083,52,44.3,14,11.4,5506,1603,309.0,154.0,48,42.6,11,11.9,1647,8,6.0,52768,1147844.0,18017.0,14434.6,0.051,0.05
2020-08-09,60898,797.0,707.3,806.0,9.0,328,639.6,63411,46,46.0,6,10.4,5555,1615,312.0,148.0,49,44.9,12,11.9,1656,9,6.1,53568,1168190.0,20346.0,15135.0,0.039,0.049
2020-08-10,61516,618.0,708.0,625.0,7.0,817,634.9,64228,45,45.4,13,10.1,5606,1633,320.0,159.0,51,44.0,18,12.6,1659,3,6.3,54364,1180994.0,12804.0,14671.1,0.048,0.05
2020-08-11,61839,323.0,668.1,332.0,9.0,723,624.7,64951,37,45.4,14,11.4,5661,1648,337.0,147.0,55,45.0,15,12.1,1665,6,6.6,55151,1187537.0,6543.0,14399.7,0.049,0.047
2020-08-12,62303,464.0,646.3,470.0,6.0,719,629.1,65670,41,45.6,11,11.6,5711,1657,335.0,154.0,50,48.3,9,11.7,1677,12,7.0,55855,1198559.0,11022.0,14266.1,0.042,0.046
2020-08-13,62993,690.0,621.9,697.0,7.0,701,624.6,66371,40,44.6,8,11.6,5742,1671,308.0,154.0,31,45.9,14,12.6,1684,7,7.0,56346,1213561.0,15002.0,14259.6,0.046,0.044
2020-08-14,63723,730.0,648.3,738.0,8.0,697,623.6,67068,39,42.9,2,9.7,5783,1679,313.0,152.0,41,46.4,8,12.4,1692,8,7.6,56659,1230478.0,16917.0,14378.7,0.043,0.045
2020-08-15,64413,690.0,616.0,696.0,6.0,369,622.0,67437,45,41.9,11,9.3,5822,1691,307.0,140.0,39,45.1,12,12.6,1698,6,7.3,57457,1247888.0,17410.0,14292.0,0.04,0.044
2020-08-16,65152,739.0,607.7,754.0,15.0,336,623.1,67773,45,41.7,10,9.9,5851,1700,290.0,152.0,29,42.3,9,12.1,1705,7,7.0,58196,1264925.0,17037.0,13819.3,0.043,0.044
2020-08-17,65716,564.0,600.0,567.0,3.0,923,638.3,68696,45,41.7,8,9.1,5886,1716,286.0,155.0,35,40.0,16,11.9,1711,6,7.4,58859,1277864.0,12939.0,13838.6,0.044,0.044
2020-08-18,66061,345.0,603.1,359.0,14.0,815,651.4,69511,36,41.6,8,8.3,5932,1722,304.0,154.0,46,38.7,6,10.6,1720,9,7.9,59568,1285267.0,7403.0,13961.4,0.047,0.044
2020-08-19,66618,557.0,616.4,567.0,10.0,748,655.6,70259,39,41.3,10,8.1,5988,1727,321.0,152.0,56,39.6,5,10.0,1737,17,8.6,60242,1319773.0,34506.0,17316.3,0.016,0.04
2020-08-20,67308,690.0,616.4,698.0,8.0,825,673.3,71084,44,41.9,8,8.1,6019,1734,309.0,148.0,31,39.6,7,9.0,1744,7,8.6,60605,1333931.0,14158.0,17195.7,0.049,0.04
2020-08-21,68133,825.0,630.0,835.0,10.0,788,686.3,71872,50,43.4,9,9.1,6064,1740,296.0,136.0,45,40.1,6,8.7,1752,8,8.6,60920,1352985.0,19054.0,17501.0,0.043,0.04
2020-08-22,68867,734.0,636.3,746.0,12.0,362,685.3,72234,36,42.1,8,8.7,6113,1761,316.0,148.0,49,41.6,21,10.0,1759,7,8.7,61698,1370057.0,17072.0,17452.7,0.043,0.041
2020-08-23,69584,717.0,633.1,728.0,11.0,316,682.4,72550,37,41.0,17,9.7,6151,1766,301.0,137.0,38,42.9,5,9.4,1765,6,8.6,62373,1387088.0,17031.0,17451.9,0.042,0.041
2020-08-24,70298,714.0,654.6,717.0,3.0,981,690.7,73531,45,41.0,9,9.9,6195,1770,310.0,135.0,44,44.1,4,7.7,1769,4,8.3,63059,1399824.0,12736.0,17422.9,0.056,0.042
2020-08-25,70707,409.0,663.7,414.0,5.0,987,715.3,74518,41,41.7,6,9.6,6238,1791,312.0,137.0,43,43.7,21,9.9,1777,8,8.1,63725,1408736.0,8912.0,17638.4,0.046,0.042
2020-08-26,71236,529.0,659.7,542.0,13.0,976,747.9,75494,44,42.4,6,9.0,6274,1796,304.0,134.0,36,40.9,5,9.9,1791,14,7.7,64374,1419721.0,10985.0,14278.3,0.048,0.047
2020-08-27,72390,1154.0,726.0,1158.0,4.0,837,749.6,76331,44,42.4,7,8.9,6326,1805,305.0,139.0,52,43.9,9,10.1,1804,13,8.6,64876,1441199.0,21478.0,15324.0,0.054,0.047
2020-08-28,73240,850.0,729.6,862.0,12.0,849,758.3,77180,50,42.4,10,9.0,6357,1813,301.0,137.0,31,41.9,8,10.4,1808,4,8.0,65204,1457816.0,16617.0,14975.9,0.051,0.049
2020-08-29,74257,1017.0,770.0,1032.0,15.0,369,759.3,77549,31,41.7,14,9.9,6411,1822,313.0,134.0,54,42.6,9,8.7,1812,4,7.6,66107,1475213.0,17397.0,15022.3,0.058,0.051
2020-08-30,75189,932.0,800.7,934.0,2.0,336,762.1,77885,23,39.7,6,8.3,6454,1834,315.0,136.0,43,43.3,12,9.7,1814,2,7.0,66916,1492983.0,17770.0,15127.9,0.052,0.052
2020-08-31,75864,675.0,795.1,679.0,4.0,925,754.1,78810,34,38.1,8,8.1,6480,1839,306.0,131.0,26,40.7,5,9.9,1815,1,6.6,67656,1504768.0,11785.0,14992.0,0.057,0.052
2020-09-01,76355,491.0,806.9,502.0,11.0,807,728.4,79617,36,37.4,7,8.3,6520,1849,294.0,136.0,40,40.3,10,8.3,1821,6,6.3,68488,1513971.0,9203.0,15033.6,0.053,0.053
2020-09-02,77085,730.0,835.6,761.0,31.0,794,702.4,80411,39,36.7,6,8.3,6566,1854,297.0,135.0,46,41.7,5,8.3,1828,7,5.3,69521,1541676.0,27705.0,17422.1,0.026,0.05
2020-09-03,78123,1038.0,819.0,1047.0,9.0,740,688.6,81151,41,36.3,13,9.1,6592,1863,272.0,138.0,26,38.0,9,8.3,1835,7,4.4,70175,1555664.0,13988.0,16352.1,0.074,0.053
2020-09-04,78966,843.0,818.0,856.0,13.0,648,659.9,81799,38,34.6,13,9.6,6635,1871,274.0,138.0,43,39.7,8,8.3,1845,10,5.3,70537,1574938.0,19274.0,16731.7,0.044,0.052
2020-09-05,79880,914.0,803.3,924.0,10.0,360,658.6,82159,33,34.9,7,8.6,6676,1878,279.0,133.0,41,37.9,7,8.0,1849,4,5.3,71507,1593994.0,19056.0,16968.7,0.048,0.051
2020-09-06,80587,707.0,771.1,714.0,7.0,284,651.1,82443,29,35.7,11,9.3,6719,1891,284.0,143.0,43,37.9,13,8.1,1855,6,5.9,72463,1610981.0,16987.0,16856.9,0.042,0.049
2020-09-07,81225,638.0,765.9,638.0,0.0,195,546.9,82638,25,34.4,7,9.1,6743,1898,275.0,136.0,24,37.6,7,8.4,1858,3,6.1,73403,1626656.0,15675.0,17412.6,0.041,0.047
2020-09-08,81608,383.0,750.4,387.0,4.0,940,565.9,83578,35,34.3,11,9.7,6760,1903,257.0,135.0,17,34.3,5,7.7,1860,2,5.6,74235,1634194.0,7538.0,17174.7,0.051,0.047
2020-09-09,81868,260.0,683.3,282.0,22.0,851,574.0,84429,35,33.7,11,10.4,6792,1914,263.0,137.0,32,32.3,11,8.6,1867,7,5.6,75055,1639653.0,5459.0,13996.7,0.048,0.05
2020-09-10,82249,381.0,589.4,389.0,8.0,686,566.3,85115,28,31.9,8,9.7,6830,1927,257.0,138.0,38,34.0,13,9.1,1882,15,6.7,75425,1647791.0,8138.0,13161.0,0.047,0.046
2020-09-11,82716,467.0,535.7,484.0,17.0,692,572.6,85807,29,30.6,12,9.6,6863,1938,253.0,139.0,33,32.6,11,9.6,1894,12,7.0,75757,1666027.0,18236.0,13012.7,0.026,0.043
2020-09-12,83588,872.0,529.7,929.0,57.0,374,574.6,86181,30,30.1,4,9.1,6899,1949,247.0,140.0,36,31.9,11,10.1,1903,9,7.7,76650,1686883.0,20856.0,13269.9,0.042,0.042
2020-09-13,84311,723.0,532.0,741.0,18.0,391,589.9,86572,29,30.1,8,8.7,6931,1957,241.0,136.0,32,30.3,8,9.4,1916,13,8.7,77461,1709367.0,22484.0,14055.1,0.032,0.041
2020-09-14,84949,638.0,532.0,643.0,5.0,1033,709.6,87605,29,30.7,10,9.1,6954,1965,233.0,135.0,23,30.1,8,9.6,1919,3,8.7,78238,1727064.0,17697.0,14344.0,0.036,0.04
2020-09-15,85351,402.0,534.7,432.0,30.0,1018,720.7,88623,36,30.9,9,8.9,6979,1971,238.0,131.0,25,31.3,6,9.7,1924,5,9.1,78953,1736812.0,9748.0,14659.7,0.041,0.039
2020-09-16,85813,462.0,563.6,513.0,51.0,1174,766.9,89797,43,32.0,11,8.9,7019,1977,244.0,136.0,40,32.4,6,9.0,1931,7,9.1,79583,1746633.0,9821.0,15282.9,0.047,0.039
2020-09-17,86722,909.0,639.0,931.0,22.0,1108,827.1,90905,40,33.7,10,9.1,7050,1980,242.0,132.0,31,31.4,3,7.6,1940,9,8.3,79878,1766370.0,19737.0,16939.9,0.046,0.039
2020-09-18,87807,1085.0,727.3,1099.0,14.0,1048,878.0,91953,42,35.6,7,8.4,7091,1990,250.0,136.0,41,32.6,10,7.4,1948,8,7.7,80221,1795755.0,29385.0,18532.6,0.037,0.04
2020-09-19,88721,914.0,733.3,924.0,10.0,579,907.3,92532,43,37.4,11,9.4,7124,1998,241.0,134.0,33,32.1,8,7.0,1961,13,8.3,80407,1819708.0,23953.0,18975.0,0.038,0.04
2020-09-20,90017,1296.0,815.1,1318.0,22.0,473,919.0,93005,45,39.7,13,10.1,7163,2004,248.0,123.0,39,33.1,6,6.7,1963,2,6.7,81336,1842846.0,23138.0,19068.4,0.056,0.043
2020-09-21,90942,925.0,856.1,937.0,12.0,1370,967.1,94375,54,43.3,20,11.6,7199,2014,255.0,128.0,36,35.0,10,7.0,1967,4,6.9,82174,1859964.0,17118.0,18985.7,0.054,0.046
2020-09-22,91422,480.0,867.3,513.0,33.0,1326,1011.1,95701,62,47.0,11,11.9,7253,2027,290.0,136.0,54,39.1,13,8.0,1977,10,7.6,82833,1869648.0,9684.0,18976.6,0.05,0.047
2020-09-23,92100,678.0,898.1,690.0,12.0,1289,1027.6,96990,66,50.3,14,12.3,7303,2045,303.0,148.0,50,40.6,18,9.7,1983,6,7.4,83507,1880113.0,10465.0,19068.6,0.065,0.049
2020-09-24,93012,912.0,898.6,995.0,83.0,1228,1044.7,98218,50,51.7,25,14.4,7335,2049,0.0,0.0,32,40.7,4,9.9,1986,3,6.6,83862,1901516.0,21403.0,19306.6,0.043,0.049
2020-09-25,94189,1177.0,911.7,1191.0,14.0,1033,1042.6,99251,61,54.4,12,15.1,7391,2067,0.0,0.0,56,42.9,18,11.0,1992,6,6.3,84256,1930469.0,28953.0,19244.9,0.041,0.05
2020-09-26,95659,1470.0,991.1,1478.0,8.0,630,1049.9,99881,67,57.9,16,15.9,7443,2085,0.0,0.0,52,45.6,18,12.4,2002,10,5.9,85259,1962056.0,31587.0,20335.4,0.047,0.051
2020-09-27,96734,1075.0,959.6,1077.0,2.0,480,1050.9,100361,50,58.6,8,15.1,7493,2095,0.0,0.0,50,47.1,10,13.0,2006,4,6.1,86252,1987658.0,25602.0,20687.4,0.042,0.049
2020-09-28,97638,904.0,956.6,936.0,32.0,1360,1049.4,101721,54,58.6,12,14.0,7546,2111,0.0,0.0,53,49.6,16,13.9,2013,7,6.6,87330,2010327.0,22669.0,21480.4,0.04,0.047
2020-09-29,98447,809.0,1003.6,817.0,8.0,1128,1021.1,102849,61,58.4,8,13.6,7633,2129,0.0,0.0,87,54.3,18,14.6,2018,5,5.9,88380,2025743.0,15416.0,22299.3,0.052,0.047
2020-09-30,99134,687.0,1004.9,689.0,2.0,1242,1014.4,104091,44,55.3,10,13.0,7701,2146,0.0,0.0,68,56.9,17,14.4,2034,16,7.3,89392,2038652.0,12909.0,22648.4,0.053,0.045
2020-10-01,100200,1066.0,1026.9,1066.0,0.0,1240,1016.1,105331,51,55.4,14,11.4,7758,2148,0.0,0.0,57,60.4,2,14.1,2047,13,8.7,89980,2065143.0,26491.0,23375.3,0.04,0.045
2020-10-02,101366,1166.0,1025.3,1184.0,18.0,1122,1028.9,106453,57,54.9,20,12.6,7793,2156,0.0,0.0,35,57.4,8,12.7,2057,10,9.3,90492,2097740.0,32597.0,23895.9,0.036,0.044
2020-10-03,102787,1421.0,1018.3,1434.0,13.0,673,1035.0,107126,56,53.3,18,12.9,7846,2170,0.0,0.0,53,57.6,14,12.1,2071,14,9.9,91844,2128155.0,30415.0,23728.4,0.047,0.044
2020-10-04,103826,1039.0,1013.1,1048.0,9.0,585,1050.0,107711,55,54.0,10,13.1,7887,2177,0.0,0.0,41,56.3,7,11.7,2078,7,10.3,93148,2157636.0,29481.0,24282.6,0.035,0.043
2020-10-05,104799,973.0,1023.0,982.0,9.0,1656,1092.3,109367,94,59.7,13,13.3,7940,2189,0.0,0.0,53,56.3,12,11.1,2081,3,9.7,94416,2181143.0,23507.0,24402.3,0.041,0.043
2020-10-06,105740,941.0,1041.9,954.0,13.0,1568,1155.1,110935,72,61.3,20,15.0,8020,2212,0.0,0.0,80,55.3,23,11.9,2085,4,9.6,95614,2195464.0,14321.0,24245.9,0.066,0.045
2020-10-07,106651,911.0,1073.9,918.0,7.0,1688,1218.9,112623,77,66.0,23,16.9,8089,2223,0.0,0.0,69,55.4,11,11.0,2099,14,9.3,96616,2209303.0,13839.0,24378.7,0.066,0.047
2020-10-08,107922,1271.0,1103.1,1276.0,5.0,1698,1284.3,114321,62,67.6,19,17.6,8187,2245,0.0,0.0,98,61.3,22,13.9,2107,8,8.6,97254,2238551.0,29248.0,24772.6,0.043,0.048
2020-10-09,109312,1390.0,1135.1,1401.0,11.0,1578,1349.4,115899,68,69.1,12,16.4,8251,2267,0.0,0.0,64,65.4,22,15.9,2121,14,9.1,97715,2271172.0,32621.0,24776.0,0.043,0.049
2020-10-10,110828,1516.0,1148.7,1537.0,21.0,854,1375.3,116753,63,70.1,19,16.6,8302,2277,0.0,0.0,51,65.1,10,15.3,2131,10,8.6,99054,2303579.0,32407.0,25060.6,0.047,0.049
2020-10-11,112268,1440.0,1206.0,1450.0,10.0,720,1394.6,117473,68,72.0,12,16.9,8354,2291,0.0,0.0,52,66.7,14,16.3,2141,10,9.0,100171,2333951.0,30372.0,25187.9,0.047,0.05
2020-10-12,113439,1171.0,1234.3,1178.0,7.0,2037,1449.0,119510,83,70.4,20,17.9,8421,2311,0.0,0.0,67,68.7,20,17.4,2144,3,9.0,101376,2352849.0,18898.0,24529.4,0.062,0.053
2020-10-13,114574,1135.0,1262.0,1150.0,15.0,1869,1492.0,121379,79,71.4,15,17.1,8500,2328,0.0,0.0,79,68.6,17,16.6,2151,7,9.4,102624,2372400.0,19551.0,25276.6,0.058,0.052
2020-10-14,115943,1369.0,1327.4,1254.0,25.0,1978,1533.4,123357,76,71.3,13,15.7,8585,2346,0.0,0.0,85,70.9,18,17.6,2180,29,11.6,103830,2385170.0,12770.0,25123.9,0.107,0.058
2020-10-15,117106,1163.0,1312.0,1169.0,6.0,1729,1537.9,125086,93,75.7,21,16.0,8652,2362,0.0,0.0,67,66.4,16,16.7,2199,19,13.1,104547,2405749.0,20579.0,23885.4,0.057,0.06
2020-10-16,119396,2290.0,1440.6,2297.0,7.0,1458,1520.7,126544,87,78.4,22,17.4,8718,2375,0.0,0.0,66,66.7,13,15.4,2212,13,13.0,105120,2450211.0,44462.0,25577.0,0.052,0.061
2020-10-17,121090,1694.0,1466.0,1704.0,10.0,876,1523.9,127420,66,78.9,17,17.1,8801,2393,0.0,0.0,83,71.3,18,16.6,2217,5,12.3,106774,2478486.0,28275.0,24986.7,0.06,0.063
2020-10-18,122812,1722.0,1506.3,1732.0,10.0,690,1519.6,128110,84,81.1,24,18.9,8866,2405,0.0,0.0,65,73.1,12,16.3,2234,17,13.3,108316,2509968.0,31482.0,25145.3,0.055,0.064
2020-10-19,124439,1627.0,1571.4,1632.0,5.0,2397,1571.0,130507,107,84.6,21,19.0,8916,2414,0.0,0.0,50,70.7,9,14.7,2239,5,13.6,109963,2532170.0,22202.0,25617.3,0.073,0.066
2020-10-20,125531,1092.0,1565.3,1120.0,28.0,2344,1638.9,132851,84,85.3,21,19.9,9042,2451,0.0,0.0,126,77.4,37,17.6,2246,7,13.6,111634,2546130.0,13960.0,24818.6,0.078,0.069
2020-10-21,126591,1060.0,1521.1,1082.0,22.0,2508,1714.6,135359,104,89.3,19,20.7,9147,2473,0.0,0.0,105,80.3,22,18.1,2281,35,14.4,113158,2562062.0,15932.0,25270.3,0.067,0.063
2020-10-22,128152,1561.0,1578.0,1574.0,13.0,2141,1773.4,137500,98,90.0,29,21.9,9226,2485,0.0,0.0,79,82.0,12,17.6,2301,20,14.6,113976,2588760.0,26698.0,26144.4,0.058,0.063
2020-10-23,129863,1711.0,1495.3,1721.0,10.0,2284,1891.4,139784,121,94.9,12,20.4,9338,2510,0.0,0.0,112,88.6,25,19.3,2314,13,14.6,114679,2615597.0,26837.0,23626.6,0.064,0.065
2020-10-24,132122,2259.0,1576.0,2268.0,9.0,1417,1968.7,141201,100,99.7,17,20.4,9444,2533,0.0,0.0,106,91.9,23,20.0,2328,14,15.9,116693,2652120.0,36523.0,24804.9,0.062,0.065
2020-10-25,133802,1680.0,1570.0,1684.0,4.0,1427,2074.0,142628,100,102.0,31,21.4,9511,2538,0.0,0.0,67,92.1,5,19.0,2349,21,16.4,118485,2686556.0,34436.0,25226.9,0.049,0.064
2020-10-26,135372,1570.0,1561.9,1578.0,8.0,3751,2267.4,146379,127,104.9,22,21.6,9588,2558,0.0,0.0,77,96.0,20,20.6,2353,4,16.3,120421,2709968.0,23412.0,25399.7,0.067,0.064
2020-10-27,137536,2164.0,1715.0,2178.0,14.0,3653,2454.4,150032,137,112.4,24,22.0,9729,2589,0.0,0.0,141,98.1,31,19.7,2368,15,17.4,122100,2724814.0,14846.0,25526.3,0.146,0.073
2020-10-28,139444,1908.0,1836.1,1916.0,8.0,3581,2607.7,153613,140,117.6,24,22.7,9855,2609,0.0,0.0,126,101.1,20,19.4,2387,19,15.1,123529,2742798.0,17984.0,25819.4,0.106,0.079
2020-10-29,142311,2867.0,2022.7,2872.0,5.0,3743,2836.6,157356,125,121.4,27,22.4,9991,2642,0.0,0.0,136,109.3,33,22.4,2419,32,16.9,124379,2770542.0,27744.0,25968.9,0.103,0.085
2020-10-30,145465,3154.0,2228.9,3165.0,11.0,4039,3087.3,161395,144,124.7,20,23.6,10119,2665,0.0,0.0,128,111.6,23,22.1,2437,18,17.6,125052,2804439.0,33897.0,26977.4,0.093,0.089
2020-10-31,148472,3007.0,2335.7,3021.0,14.0,2362,3222.3,163757,134,129.6,27,25.0,10270,2695,0.0,0.0,151,118.0,30,23.1,2457,20,18.4,127362,2839963.0,35524.0,26834.7,0.085,0.093
2020-11-01,150672,2200.0,2410.0,2217.0,17.0,2321,3350.0,166078,153,137.1,28,24.6,10334,2706,0.0,0.0,64,117.6,11,24.0,2475,18,18.0,129663,2867431.0,27468.0,25839.3,0.08,0.097
2020-11-02,153620,2948.0,2606.9,2954.0,6.0,5664,3623.3,171742,174,143.9,31,25.9,10437,2729,0.0,0.0,103,121.3,23,24.4,2484,9,18.7,132125,2904841.0,37410.0,27839.0,0.079,0.099
2020-11-03,157096,3476.0,2794.3,3483.0,7.0,5815,3932.1,177557,193,151.9,43,28.6,10647,2760,0.0,0.0,210,131.1,31,24.4,2499,15,18.7,134227,2917875.0,13034.0,27580.1,0.267,0.116
2020-11-04,160923,3827.0,3068.4,3844.0,17.0,6899,4406.1,184456,176,157.0,23,28.4,10849,2805,0.0,0.0,202,142.0,45,28.0,2530,31,20.4,136457,2950647.0,32772.0,29692.7,0.117,0.118
2020-11-05,164865,3942.0,3222.0,3956.0,14.0,7388,4926.9,191844,207,168.7,36,29.7,11016,2839,0.0,0.0,167,146.4,34,28.1,2555,25,19.4,137824,2985101.0,34454.0,30651.3,0.114,0.119
2020-11-06,170307,5442.0,3548.9,5454.0,12.0,7283,5390.3,199127,199,176.6,34,31.7,11193,2864,0.0,0.0,177,153.4,25,28.4,2591,36,22.0,139190,3030986.0,45885.0,32363.9,0.119,0.123
2020-11-07,174954,4647.0,3783.1,4647.0,0.0,4338,5672.6,203465,193,185.0,41,33.7,11394,2899,0.0,0.0,201,160.6,35,29.1,2625,34,24.0,142800,3075721.0,44735.0,33679.7,0.104,0.126
2020-11-08,180862,5908.0,4312.9,5924.0,16.0,4087,5924.9,207552,201,191.9,41,35.6,11527,2923,0.0,0.0,133,170.4,24,31.0,2656,31,25.9,146311,3120617.0,44896.0,36169.4,0.132,0.133
2020-11-09,184788,3926.0,4452.6,3930.0,4.0,9146,6422.3,216698,236,200.7,41,37.0,11671,2948,0.0,0.0,144,176.3,25,31.3,2675,19,27.3,149766,3146606.0,25989.0,34537.9,0.151,0.143
2020-11-10,189681,4893.0,4655.0,4906.0,13.0,8278,6774.1,224976,248,208.6,38,36.3,11933,2996,0.0,0.0,262,183.7,48,33.7,2698,23,28.4,153347,3180792.0,34186.0,37559.6,0.143,0.126
2020-11-11,194570,4889.0,4806.7,4900.0,11.0,7694,6887.7,232670,235,217.0,34,37.9,12151,3032,0.0,0.0,218,186.0,36,32.4,2754,56,32.0,157164,3205488.0,24696.0,36405.9,0.198,0.137
2020-11-12,201795,7225.0,5275.7,7228.0,3.0,7407,6890.4,240077,245,222.4,38,38.1,12443,3086,0.0,0.0,292,203.9,54,35.3,2793,39,34.0,159467,3254082.0,48594.0,38425.9,0.149,0.142
2020-11-13,207339,5544.0,5290.3,5552.0,8.0,7405,6907.9,247482,239,228.1,24,36.7,12644,3119,0.0,0.0,201,207.3,33,36.4,2839,46,35.4,161756,3305243.0,51161.0,39179.6,0.108,0.141
2020-11-14,216028,8689.0,5867.7,8703.0,14.0,4327,6906.3,251809,243,235.3,38,36.3,12915,3155,0.0,0.0,271,217.3,36,36.6,2874,35,35.6,167234,3357656.0,52413.0,40276.4,0.166,0.15
2020-11-15,223581,7553.0,6102.7,7559.0,6.0,3910,6881.0,255719,234,240.0,41,36.3,13074,3176,0.0,0.0,159,221.0,21,36.1,2905,31,35.6,172873,3421176.0,63520.0,42937.0,0.119,0.148
2020-11-16,231018,7437.0,6604.3,7444.0,7.0,8738,6822.7,264457,302,249.4,50,37.6,13251,3203,0.0,0.0,177,225.7,27,36.4,2917,12,34.6,179614,3473512.0,52336.0,46700.9,0.142,0.146
2020-11-17,236949,5931.0,6752.6,5945.0,14.0,7832,6759.0,272289,275,253.3,36,37.3,13594,3247,0.0,0.0,343,237.3,44,35.9,2943,26,35.0,186680,3507144.0,33632.0,46621.7,0.176,0.151
2020-11-18,242043,5094.0,6781.9,5102.0,8.0,7529,6735.4,279818,278,259.4,33,37.1,13892,3307,0.0,0.0,298,248.7,60,39.3,3010,67,36.6,193869,3544254.0,37110.0,48395.1,0.137,0.142
2020-11-19,249906,7863.0,6873.0,7877.0,14.0,7012,6679.0,286830,293,266.3,48,38.6,14171,3346,0.0,0.0,279,246.9,39,37.1,3082,72,41.3,198365,3601208.0,56954.0,49589.4,0.138,0.141
2020-11-20,256700,6794.0,7051.6,6812.0,18.0,6749,6585.3,293579,219,263.4,44,41.4,14462,3387,0.0,0.0,291,259.7,41,38.3,3150,68,44.4,202432,3659900.0,58692.0,50665.3,0.116,0.142
2020-11-21,262952,6252.0,6703.4,6265.0,13.0,3663,6490.4,297242,212,259.0,34,40.9,14745,3427,0.0,0.0,283,261.4,40,38.9,3201,51,46.7,211513,3722657.0,62757.0,52143.0,0.1,0.133
2020-11-22,270157,7205.0,6653.7,7219.0,14.0,3140,6380.4,300382,237,259.4,47,41.7,14929,3452,0.0,0.0,184,265.0,25,39.4,3241,40,48.0,219720,3779259.0,56602.0,51154.7,0.127,0.134
2020-11-23,276500,6343.0,6497.4,6353.0,10.0,8000,6275.0,308382,262,253.7,45,41.0,15106,3480,0.0,0.0,177,265.0,28,39.6,3265,24,49.7,227311,3836285.0,57026.0,51824.7,0.111,0.129
2020-11-24,282916,6416.0,6566.7,6423.0,7.0,7211,6186.3,315593,261,251.7,36,41.0,15444,3540,0.0,0.0,338,264.3,60,41.9,3303,38,51.4,233847,3889490.0,53205.0,54620.9,0.121,0.121
2020-11-25,289303,6387.0,6751.4,6399.0,12.0,5956,5961.6,321549,217,243.0,38,41.7,15766,3611,0.0,0.0,322,267.7,71,43.4,3375,72,52.1,240720,3954898.0,65408.0,58663.4,0.098,0.116
2020-11-26,289303,0.0,5628.1,0.0,0.0,806,5075.0,322355,196,229.1,46,41.4,15766,3611,0.0,0.0,0,227.9,0,37.9,3375,0,41.9,240720,4010612.0,55714.0,58486.3,0.0,0.096
2020-11-27,295001,5698.0,5471.6,5704.0,6.0,5318,4870.6,327673,253,234.0,51,42.4,16043,3638,0.0,0.0,277,225.9,27,35.9,3476,101,46.6,244982,4083448.0,72836.0,60506.9,0.078,0.091
2020-11-28,304023,9022.0,5867.3,9040.0,18.0,4053,4926.3,331726,208,233.4,47,44.3,16423,3715,0.0,0.0,380,239.7,77,41.1,3521,45,45.7,257485,4119977.0,36529.0,56760.0,0.247,0.112
2020-11-29,312969,8946.0,6116.0,8953.0,7.0,3176,4931.4,334902,211,229.7,28,41.6,16463,3750,0.0,0.0,40,219.1,35,42.6,3578,57,48.1,265223,4217673.0,97696.0,62630.6,0.092,0.107
2020-11-30,318763,5794.0,6037.6,5801.0,7.0,7675,4885.0,342577,241,226.7,41,41.0,16791,3779,0.0,0.0,328,240.7,29,42.7,3593,15,46.9,272608,4261133.0,43460.0,60692.6,0.133,0.11
2020-12-01,322312,3549.0,5628.0,3570.0,21.0,6348,4761.7,348925,230,222.3,33,40.6,17111,3826,0.0,0.0,320,238.1,47,40.9,3615,22,44.6,279540,4283907.0,22774.0,56345.3,0.156,0.115
2020-12-02,327477,5165.0,5453.4,5192.0,27.0,5580,4708.0,354505,196,219.3,33,39.9,17378,3873,0.0,0.0,267,230.3,47,37.4,3692,77,45.3,286219,4326655.0,42748.0,53108.1,0.121,0.118
2020-12-03,333626,6149.0,6331.9,6166.0,17.0,4768,5274.0,359273,215,222.0,27,37.1,17623,3911,0.0,0.0,245,265.3,38,42.9,3784,92,58.4,290019,4377302.0,50647.0,52384.3,0.121,0.135
2020-12-04,338973,5347.0,6281.7,5371.0,24.0,4660,5180.0,363933,223,217.7,31,34.3,17828,3942,0.0,0.0,205,255.0,31,43.4,3845,61,52.7,293151,4437738.0,60436.0,50612.9,0.088,0.137
2020-12-05,345281,6308.0,5894.0,6337.0,29.0,2313,4931.4,366246,154,210.0,24,31.0,18059,3980,0.0,0.0,231,233.7,38,37.9,3920,75,57.0,301081,4490490.0,52752.0,52930.4,0.12,0.119
2020-12-06,350862,5581.0,5413.3,5588.0,7.0,2151,4785.0,368397,163,203.1,34,31.9,18233,3991,0.0,0.0,174,252.9,11,34.4,3984,64,58.0,308218,4557716.0,67226.0,48577.6,0.083,0.117
2020-12-07,356152,5290.0,5341.3,5296.0,6.0,4804,4374.9,373201,211,198.9,31,30.4,18358,4015,0.0,0.0,125,223.9,24,33.7,4005,21,58.9,314138,4621251.0,63535.0,51445.4,0.083,0.11
2020-12-08,359203,3051.0,5270.1,3080.0,29.0,4333,4087.0,377534,208,195.7,42,31.7,18594,4063,0.0,0.0,236,211.9,48,33.9,4027,22,58.9,314957,4648661.0,27410.0,52107.7,0.111,0.104
2020-12-09,363719,4516.0,5177.4,4539.0,23.0,3391,3774.3,380925,195,195.6,36,32.1,18809,4106,0.0,0.0,215,204.4,43,33.3,4109,82,59.6,320233,4688173.0,39512.0,51645.4,0.114,0.103
2020-12-10,367218,3499.0,4798.9,3523.0,24.0,3016,3524.0,383941,161,187.9,26,32.0,19029,4145,0.0,0.0,220,200.9,39,33.4,4198,89,59.1,324304,4729640.0,41467.0,50334.0,0.084,0.098
2020-12-11,370968,3750.0,4570.7,3773.0,23.0,3086,3299.1,387027,163,179.3,30,31.9,19251,4188,0.0,0.0,222,203.3,43,35.1,4292,94,63.9,327509,4788061.0,58421.0,50046.1,0.064,0.094
2020-12-12,375398,4430.0,4302.4,4447.0,17.0,1689,3210.0,388716,149,178.6,33,33.1,19428,4213,0.0,0.0,177,195.6,25,33.3,4359,67,62.7,335258,4838336.0,50275.0,49692.3,0.088,0.09
2020-12-13,378823,3425.0,3994.4,3439.0,14.0,1428,3106.7,390144,138,175.0,20,31.1,19536,4228,0.0,0.0,108,186.1,15,33.9,4444,85,65.7,341530,4886375.0,48039.0,46951.3,0.071,0.088
2020-12-14,381841,3018.0,3669.9,3026.0,8.0,3235,2882.6,393379,171,169.3,27,30.6,19638,4255,0.0,0.0,102,182.9,27,34.3,4462,18,65.3,347077,4931697.0,45322.0,44349.4,0.067,0.086
2020-12-15,384164,2323.0,3565.9,2340.0,17.0,3002,2692.4,396381,156,161.9,25,28.1,19785,4286,0.0,0.0,147,170.1,31,31.9,4483,21,65.1,351820,4963776.0,32079.0,45016.4,0.072,0.08
2020-12-16,386412,2248.0,3241.9,2279.0,31.0,2333,2541.3,398714,145,154.7,29,27.1,19980,4323,0.0,0.0,195,167.3,37,31.0,4575,92,66.6,356384,4983401.0,19625.0,42175.4,0.115,0.08
2020-12-17,389171,2759.0,3136.1,2775.0,16.0,2263,2433.7,400977,126,149.7,11,25.0,20172,4353,0.0,0.0,192,163.3,30,29.7,4658,83,65.7,358667,5031043.0,47642.0,43057.6,0.058,0.076
2020-12-18,391889,2718.0,2988.7,2737.0,19.0,2223,2310.4,403200,131,145.1,19,23.4,20323,4383,0.0,0.0,151,153.1,30,27.9,4723,65,61.6,360868,5094973.0,63930.0,43844.6,0.043,0.073
2020-12-19,394635,2746.0,2748.1,2772.0,26.0,1271,2250.7,404471,111,139.7,13,20.6,20468,4392,0.0,0.0,145,148.6,9,25.6,4780,57,60.1,365620,5131691.0,36718.0,41907.9,0.075,0.072
2020-12-20,397319,2684.0,2642.3,2705.0,21.0,989,2188.0,405460,106,135.1,16,20.0,20547,4412,0.0,0.0,79,144.4,20,26.3,4850,70,58.0,369912,5196752.0,65061.0,44339.6,0.041,0.067
2020-12-21,399311,1992.0,2495.7,1998.0,6.0,2587,2095.4,408047,122,128.1,27,20.0,20629,4424,0.0,0.0,82,141.6,12,24.1,4872,22,58.6,373301,5230136.0,33384.0,42634.1,0.06,0.066
2020-12-22,401011,1700.0,2406.7,1714.0,14.0,2078,1963.4,410125,130,124.4,27,20.3,20816,4449,0.0,0.0,187,147.3,25,23.3,4896,24,59.0,376354,5262311.0,32175.0,42647.9,0.053,0.064
2020-12-23,402519,1508.0,2301.0,1513.0,5.0,1482,1841.9,411607,109,119.3,14,18.1,20963,4474,0.0,0.0,147,140.4,25,21.6,4971,75,56.6,379512,5285867.0,23556.0,43209.4,0.064,0.056
2020-12-24,404403,1884.0,2176.0,1917.0,33.0,879,1644.1,412486,82,113.0,11,18.1,21105,4500,0.0,0.0,142,133.3,26,21.0,5050,79,56.0,381269,5337562.0,51695.0,43788.4,0.036,0.053
2020-12-25,404403,0.0,1787.7,0.0,0.0,234,1360.0,412720,102,108.9,23,18.7,21105,4500,0.0,0.0,0,111.7,0,16.7,5050,0,46.7,381269,5390438.0,52876.0,42209.3,0.0,0.047
2020-12-26,406545,2142.0,1701.4,2170.0,28.0,1588,1405.3,414308,121,110.3,16,19.1,21213,4516,0.0,0.0,108,106.4,16,17.7,5107,57,46.7,382705,5437751.0,47313.0,43722.9,0.045,0.043
2020-12-27,409061,2516.0,1677.4,2534.0,18.0,1196,1434.9,415504,109,110.7,26,20.6,21315,4527,0.0,0.0,102,109.7,11,16.4,5147,40,42.4,388919,5478407.0,40656.0,40236.4,0.062,0.046
2020-12-28,410138,1077.0,1546.7,1087.0,10.0,2817,1467.7,418321,129,111.7,15,18.9,21420,4539,0.0,0.0,105,113.0,12,16.4,5160,13,41.1,391248,5491774.0,13367.0,37376.9,0.081,0.049
2020-12-29,411110,972.0,1442.7,988.0,16.0,2219,1487.9,420540,105,108.1,16,17.3,21605,4575,0.0,0.0,185,112.7,36,18.0,5196,36,42.9,393506,5499519.0,7745.0,33886.9,0.126,0.059
2020-12-30,413107,1997.0,1512.6,2019.0,22.0,2259,1598.9,422799,120,109.7,19,18.0,21748,4597,0.0,0.0,143,112.1,22,17.6,5262,66,41.6,395679,5525228.0,25709.0,34194.4,0.078,0.061
2020-12-31,415302,2195.0,1557.0,2204.0,9.0,1597,1701.4,424396,73,108.4,11,18.0,21864,4620,0.0,0.0,116,108.4,23,17.1,5323,61,39.0,397080,5573677.0,48449.0,33730.7,0.045,0.062
2021-01-01,415302,0.0,1557.0,0.0,0.0,500,1739.4,424896,76,104.7,12,16.4,21864,4620,0.0,0.0,0,108.4,0,17.1,5323,0,39.0,397080,5615282.0,41605.0,32120.6,0.0,0.062
2021-01-02,417832,2530.0,1612.4,2543.0,13.0,1804,1770.3,426700,98,101.4,23,17.4,21984,4638,0.0,0.0,120,110.1,18,17.4,5377,54,38.6,398199,5670083.0,54801.0,33190.3,0.046,0.063
2021-01-03,420544,2712.0,1640.4,2714.0,2.0,1361,1793.9,428061,88,98.4,13,15.6,22095,4658,0.0,0.0,111,111.4,20,18.7,5430,53,40.4,403419,5711558.0,41475.0,33307.3,0.065,0.063
2021-01-04,423688,3144.0,1935.7,3148.0,4.0,2914,1807.7,430975,98,94.0,16,15.7,22180,4676,0.0,0.0,85,108.6,18,19.6,5443,13,40.4,405556,5721544.0,9986.0,32824.3,0.315,0.096
2021-01-05,425261,1573.0,2021.6,1612.0,39.0,2197,1804.6,433172,98,93.0,9,14.7,22337,4708,0.0,0.0,157,104.6,32,19.0,5461,18,37.9,406667,5737195.0,15651.0,33953.7,0.101,0.093
2021-01-06,427587,2326.0,2068.6,2346.0,20.0,1829,1743.1,435001,88,88.4,6,12.9,22437,4722,0.0,0.0,100,98.4,14,17.9,5528,67,38.0,406910,5761044.0,23849.0,33688.0,0.098,0.096
2021-01-07,429570,1983.0,2038.3,2004.0,21.0,1750,1765.0,436751,77,89.0,9,12.6,22541,4733,0.0,0.0,104,96.7,11,16.1,5572,44,35.6,408510,5803110.0,42066.0,32776.1,0.047,0.096
2021-01-08,431944,2374.0,2377.4,2387.0,13.0,1566,1917.3,438317,86,90.4,10,12.3,22617,4742,0.0,0.0,76,107.6,9,17.4,5620,48,42.4,409727,5852413.0,49303.0,33875.9,0.048,0.103
2021-01-09,434413,2469.0,2368.7,2489.0,20.0,869,1783.7,439186,63,85.4,17,11.4,22699,4762,0.0,0.0,82,102.1,20,17.7,5663,43,40.9,412546,5894852.0,42439.0,32109.9,0.058,0.105
2021-01-10,436572,2159.0,2289.7,2165.0,6.0,503,1661.1,439689,54,80.6,6,10.4,22763,4770,0.0,0.0,64,95.4,8,16.0,5707,44,39.6,414756,5936976.0,42124.0,32202.6,0.051,0.103
2021-01-11,437552,980.0,1980.6,980.0,0.0,614,1332.6,440303,61,75.3,8,9.3,22815,4783,0.0,0.0,52,90.7,13,15.3,5711,4,38.3,417005,5952750.0,15774.0,33029.4,0.062,0.066
2021-01-12,438867,1315.0,1943.7,1335.0,20.0,33,1023.4,440336,9,62.6,1,8.1,22931,4811,0.0,0.0,116,84.9,28,14.7,5724,13,37.6,418610,5982755.0,30005.0,35080.0,0.044,0.058
2021-01-13,440354,1487.0,1823.9,1504.0,17.0,0,762.1,440336,0,50.0,0,7.3,23018,4822,0.0,0.0,87,83.0,11,14.3,5774,50,35.1,419139,6006711.0,23956.0,35095.3,0.062,0.053
