county,released_date,asof_date,people_admin_total,full_fips,pop_2019,people_pct_pop
YELLOW MEDICINE,2021-01-13,,445,27173,9709.0,0.046
WRIGHT,2021-01-13,,2384,27171,138377.0,0.017
WINONA,2021-01-13,,1647,27169,50484.0,0.033
WILKIN,2021-01-13,,108,27167,6207.0,0.017
WATONWAN,2021-01-13,,322,27165,10897.0,0.03
WASHINGTON,2021-01-13,,6591,27163,262440.0,0.025
WASECA,2021-01-13,,391,27161,18612.0,0.021
WADENA,2021-01-13,,357,27159,13682.0,0.026
WABASHA,2021-01-13,,943,27157,21627.0,0.044
UNKNOWN/MISSING,2021-01-13,,319,,,
TRAVERSE,2021-01-13,,51,27155,3259.0,0.016
TODD,2021-01-13,,533,27153,24664.0,0.022
SWIFT,2021-01-13,,339,27151,9266.0,0.037
STEVENS,2021-01-13,,394,27149,9805.0,0.04
STEELE,2021-01-13,,691,27147,36649.0,0.019
STEARNS,2021-01-13,,3546,27145,161075.0,0.022
ST. LOUIS,2021-01-13,,8055,27137,199070.0,0.04
SIBLEY,2021-01-13,,274,27143,14865.0,0.018
SHERBURNE,2021-01-13,,1424,27141,97238.0,0.015
SCOTT,2021-01-13,,2932,27139,149013.0,0.02
ROSEAU,2021-01-13,,628,27135,15165.0,0.041
ROCK,2021-01-13,,371,27133,9315.0,0.04
RICE,2021-01-13,,1226,27131,66972.0,0.018
RENVILLE,2021-01-13,,561,27129,14548.0,0.039
REDWOOD,2021-01-13,,438,27127,15170.0,0.029
RED LAKE,2021-01-13,,103,27125,4055.0,0.025
RAMSEY,2021-01-13,,12723,27123,550321.0,0.023
POPE,2021-01-13,,471,27121,11249.0,0.042
POLK,2021-01-13,,1335,27119,31364.0,0.043
PIPESTONE,2021-01-13,,239,27117,9126.0,0.026
PINE,2021-01-13,,455,27115,29579.0,0.015
PENNINGTON,2021-01-13,,326,27113,14119.0,0.023
OTTER TAIL,2021-01-13,,1669,27111,58746.0,0.028
OLMSTED,2021-01-13,,13721,27109,158293.0,0.087
NORMAN,2021-01-13,,317,27107,6375.0,0.05
NOBLES,2021-01-13,,533,27105,21629.0,0.025
NICOLLET,2021-01-13,,674,27103,34274.0,0.02
MURRAY,2021-01-13,,242,27101,8194.0,0.03
MOWER,2021-01-13,,764,27099,40062.0,0.019
MORRISON,2021-01-13,,740,27097,33386.0,0.022
MILLE LACS,2021-01-13,,751,27095,26277.0,0.029
MEEKER,2021-01-13,,442,27093,23222.0,0.019
MCLEOD,2021-01-13,,805,27085,35893.0,0.022
MARTIN,2021-01-13,,600,27091,19683.0,0.03
MARSHALL,2021-01-13,,379,27089,9336.0,0.041
MAHNOMEN,2021-01-13,,713,27087,5527.0,0.129
LYON,2021-01-13,,571,27083,25474.0,0.022
LINCOLN,2021-01-13,,308,27081,5639.0,0.055
LE SUEUR,2021-01-13,,513,27079,28887.0,0.018
LAKE OF THE WOODS,2021-01-13,,174,27077,3740.0,0.047
LAKE,2021-01-13,,455,27075,10641.0,0.043
LAC QUI PARLE,2021-01-13,,315,27073,6623.0,0.048
KOOCHICHING,2021-01-13,,323,27071,12229.0,0.026
KITTSON,2021-01-13,,209,27069,4298.0,0.049
KANDIYOHI,2021-01-13,,1207,27067,43199.0,0.028
KANABEC,2021-01-13,,318,27065,16337.0,0.019
JACKSON,2021-01-13,,234,27063,9846.0,0.024
ITASCA,2021-01-13,,1398,27061,45130.0,0.031
ISANTI,2021-01-13,,746,27059,40596.0,0.018
HUBBARD,2021-01-13,,432,27057,21491.0,0.02
HOUSTON,2021-01-13,,570,27055,18600.0,0.031
HENNEPIN,2021-01-13,,29684,27053,1265843.0,0.023
GRANT,2021-01-13,,216,27051,5972.0,0.036
GOODHUE,2021-01-13,,1401,27049,46340.0,0.03
FREEBORN,2021-01-13,,656,27047,30281.0,0.022
FILLMORE,2021-01-13,,906,27045,21067.0,0.043
FARIBAULT,2021-01-13,,400,27043,13653.0,0.029
DOUGLAS,2021-01-13,,1116,27041,38141.0,0.029
DODGE,2021-01-13,,1043,27039,20934.0,0.05
DAKOTA,2021-01-13,,8120,27037,429021.0,0.019
CROW WING,2021-01-13,,1524,27035,65055.0,0.023
COTTONWOOD,2021-01-13,,441,27033,11196.0,0.039
COOK,2021-01-13,,286,27031,5463.0,0.052
CLEARWATER,2021-01-13,,312,27029,8818.0,0.035
CLAY,2021-01-13,,936,27027,64222.0,0.015
CHISAGO,2021-01-13,,1263,27025,56579.0,0.022
CHIPPEWA,2021-01-13,,421,27023,11800.0,0.036
CASS,2021-01-13,,766,27021,29779.0,0.026
CARVER,2021-01-13,,2104,27019,105089.0,0.02
CARLTON,2021-01-13,,1581,27017,35871.0,0.044
BROWN,2021-01-13,,939,27015,25008.0,0.038
BLUE EARTH,2021-01-13,,1534,27013,67653.0,0.023
BIG STONE,2021-01-13,,363,27011,4991.0,0.073
BENTON,2021-01-13,,726,27009,40889.0,0.018
BELTRAMI,2021-01-13,,1569,27007,47188.0,0.033
BECKER,2021-01-13,,1167,27005,34423.0,0.034
ANOKA,2021-01-13,,6294,27003,356921.0,0.018
AITKIN,2021-01-13,,388,27001,15886.0,0.024
YELLOW MEDICINE,2021-01-14,,449,27173,9709.0,0.046
WRIGHT,2021-01-14,,2457,27171,138377.0,0.018
WINONA,2021-01-14,,1695,27169,50484.0,0.034
WILKIN,2021-01-14,,109,27167,6207.0,0.018
WATONWAN,2021-01-14,,354,27165,10897.0,0.032
WASHINGTON,2021-01-14,,6785,27163,262440.0,0.026
WASECA,2021-01-14,,397,27161,18612.0,0.021
WADENA,2021-01-14,,358,27159,13682.0,0.026
WABASHA,2021-01-14,,984,27157,21627.0,0.045
UNKNOWN/MISSING,2021-01-14,,326,,,
TRAVERSE,2021-01-14,,52,27155,3259.0,0.016
TODD,2021-01-14,,550,27153,24664.0,0.022
SWIFT,2021-01-14,,341,27151,9266.0,0.037
STEVENS,2021-01-14,,415,27149,9805.0,0.042
STEELE,2021-01-14,,706,27147,36649.0,0.019
STEARNS,2021-01-14,,3785,27145,161075.0,0.023
ST. LOUIS,2021-01-14,,8370,27137,199070.0,0.042
SIBLEY,2021-01-14,,274,27143,14865.0,0.018
SHERBURNE,2021-01-14,,1467,27141,97238.0,0.015
SCOTT,2021-01-14,,3026,27139,149013.0,0.02
ROSEAU,2021-01-14,,630,27135,15165.0,0.042
ROCK,2021-01-14,,378,27133,9315.0,0.041
RICE,2021-01-14,,1256,27131,66972.0,0.019
RENVILLE,2021-01-14,,562,27129,14548.0,0.039
REDWOOD,2021-01-14,,447,27127,15170.0,0.029
RED LAKE,2021-01-14,,103,27125,4055.0,0.025
RAMSEY,2021-01-14,,13355,27123,550321.0,0.024
POPE,2021-01-14,,477,27121,11249.0,0.042
POLK,2021-01-14,,1345,27119,31364.0,0.043
PIPESTONE,2021-01-14,,244,27117,9126.0,0.027
PINE,2021-01-14,,461,27115,29579.0,0.016
PENNINGTON,2021-01-14,,327,27113,14119.0,0.023
OTTER TAIL,2021-01-14,,1860,27111,58746.0,0.032
OLMSTED,2021-01-14,,14678,27109,158293.0,0.093
NORMAN,2021-01-14,,358,27107,6375.0,0.056
NOBLES,2021-01-14,,645,27105,21629.0,0.03
NICOLLET,2021-01-14,,695,27103,34274.0,0.02
MURRAY,2021-01-14,,269,27101,8194.0,0.033
MOWER,2021-01-14,,784,27099,40062.0,0.02
MORRISON,2021-01-14,,756,27097,33386.0,0.023
MILLE LACS,2021-01-14,,761,27095,26277.0,0.029
MEEKER,2021-01-14,,446,27093,23222.0,0.019
MCLEOD,2021-01-14,,806,27085,35893.0,0.022
MARTIN,2021-01-14,,608,27091,19683.0,0.031
MARSHALL,2021-01-14,,400,27089,9336.0,0.043
MAHNOMEN,2021-01-14,,712,27087,5527.0,0.129
LYON,2021-01-14,,635,27083,25474.0,0.025
LINCOLN,2021-01-14,,311,27081,5639.0,0.055
LE SUEUR,2021-01-14,,528,27079,28887.0,0.018
LAKE OF THE WOODS,2021-01-14,,175,27077,3740.0,0.047
LAKE,2021-01-14,,458,27075,10641.0,0.043
LAC QUI PARLE,2021-01-14,,356,27073,6623.0,0.054
KOOCHICHING,2021-01-14,,344,27071,12229.0,0.028
KITTSON,2021-01-14,,230,27069,4298.0,0.054
KANDIYOHI,2021-01-14,,1207,27067,43199.0,0.028
KANABEC,2021-01-14,,321,27065,16337.0,0.02
JACKSON,2021-01-14,,246,27063,9846.0,0.025
ITASCA,2021-01-14,,1402,27061,45130.0,0.031
ISANTI,2021-01-14,,751,27059,40596.0,0.018
HUBBARD,2021-01-14,,443,27057,21491.0,0.021
HOUSTON,2021-01-14,,641,27055,18600.0,0.034
HENNEPIN,2021-01-14,,31113,27053,1265843.0,0.025
GRANT,2021-01-14,,226,27051,5972.0,0.038
GOODHUE,2021-01-14,,1457,27049,46340.0,0.031
FREEBORN,2021-01-14,,720,27047,30281.0,0.024
FILLMORE,2021-01-14,,942,27045,21067.0,0.045
FARIBAULT,2021-01-14,,408,27043,13653.0,0.03
DOUGLAS,2021-01-14,,1156,27041,38141.0,0.03
DODGE,2021-01-14,,1083,27039,20934.0,0.052
DAKOTA,2021-01-14,,8404,27037,429021.0,0.02
CROW WING,2021-01-14,,1670,27035,65055.0,0.026
COTTONWOOD,2021-01-14,,461,27033,11196.0,0.041
COOK,2021-01-14,,333,27031,5463.0,0.061
CLEARWATER,2021-01-14,,314,27029,8818.0,0.036
CLAY,2021-01-14,,941,27027,64222.0,0.015
CHISAGO,2021-01-14,,1329,27025,56579.0,0.023
CHIPPEWA,2021-01-14,,422,27023,11800.0,0.036
CASS,2021-01-14,,800,27021,29779.0,0.027
CARVER,2021-01-14,,2170,27019,105089.0,0.021
CARLTON,2021-01-14,,1702,27017,35871.0,0.047
BROWN,2021-01-14,,945,27015,25008.0,0.038
BLUE EARTH,2021-01-14,,1671,27013,67653.0,0.025
BIG STONE,2021-01-14,,364,27011,4991.0,0.073
BENTON,2021-01-14,,750,27009,40889.0,0.018
BELTRAMI,2021-01-14,,1617,27007,47188.0,0.034
BECKER,2021-01-14,,1171,27005,34423.0,0.034
ANOKA,2021-01-14,,6455,27003,356921.0,0.018
AITKIN,2021-01-14,,397,27001,15886.0,0.025
YELLOW MEDICINE,2021-01-15,,549,27173,9709.0,0.057
WRIGHT,2021-01-15,,2624,27171,138377.0,0.019
WINONA,2021-01-15,,1730,27169,50484.0,0.034
WILKIN,2021-01-15,,127,27167,6207.0,0.02
WATONWAN,2021-01-15,,363,27165,10897.0,0.033
WASHINGTON,2021-01-15,,7148,27163,262440.0,0.027
WASECA,2021-01-15,,434,27161,18612.0,0.023
WADENA,2021-01-15,,370,27159,13682.0,0.027
WABASHA,2021-01-15,,1060,27157,21627.0,0.049
UNKNOWN/MISSING,2021-01-15,,183,,,
TRAVERSE,2021-01-15,,55,27155,3259.0,0.017
TODD,2021-01-15,,630,27153,24664.0,0.026
SWIFT,2021-01-15,,352,27151,9266.0,0.038
STEVENS,2021-01-15,,470,27149,9805.0,0.048
STEELE,2021-01-15,,767,27147,36649.0,0.021
STEARNS,2021-01-15,,4014,27145,161075.0,0.025
ST. LOUIS,2021-01-15,,8677,27137,199070.0,0.044
SIBLEY,2021-01-15,,277,27143,14865.0,0.019
SHERBURNE,2021-01-15,,1635,27141,97238.0,0.017
SCOTT,2021-01-15,,3192,27139,149013.0,0.021
ROSEAU,2021-01-15,,635,27135,15165.0,0.042
ROCK,2021-01-15,,379,27133,9315.0,0.041
RICE,2021-01-15,,1324,27131,66972.0,0.02
RENVILLE,2021-01-15,,648,27129,14548.0,0.045
REDWOOD,2021-01-15,,495,27127,15170.0,0.033
RED LAKE,2021-01-15,,105,27125,4055.0,0.026
RAMSEY,2021-01-15,,14310,27123,550321.0,0.026
POPE,2021-01-15,,488,27121,11249.0,0.043
POLK,2021-01-15,,1436,27119,31364.0,0.046
PIPESTONE,2021-01-15,,246,27117,9126.0,0.027
PINE,2021-01-15,,496,27115,29579.0,0.017
PENNINGTON,2021-01-15,,387,27113,14119.0,0.027
OTTER TAIL,2021-01-15,,2126,27111,58746.0,0.036
OLMSTED,2021-01-15,,15546,27109,158293.0,0.098
NORMAN,2021-01-15,,362,27107,6375.0,0.057
NOBLES,2021-01-15,,675,27105,21629.0,0.031
NICOLLET,2021-01-15,,696,27103,34274.0,0.02
MURRAY,2021-01-15,,294,27101,8194.0,0.036
MOWER,2021-01-15,,886,27099,40062.0,0.022
MORRISON,2021-01-15,,773,27097,33386.0,0.023
MILLE LACS,2021-01-15,,799,27095,26277.0,0.03
MEEKER,2021-01-15,,536,27093,23222.0,0.023
MCLEOD,2021-01-15,,830,27085,35893.0,0.023
MARTIN,2021-01-15,,616,27091,19683.0,0.031
MARSHALL,2021-01-15,,406,27089,9336.0,0.043
MAHNOMEN,2021-01-15,,724,27087,5527.0,0.131
LYON,2021-01-15,,675,27083,25474.0,0.026
LINCOLN,2021-01-15,,320,27081,5639.0,0.057
LE SUEUR,2021-01-15,,527,27079,28887.0,0.018
LAKE OF THE WOODS,2021-01-15,,175,27077,3740.0,0.047
LAKE,2021-01-15,,462,27075,10641.0,0.043
LAC QUI PARLE,2021-01-15,,370,27073,6623.0,0.056
KOOCHICHING,2021-01-15,,352,27071,12229.0,0.029
KITTSON,2021-01-15,,231,27069,4298.0,0.054
KANDIYOHI,2021-01-15,,1269,27067,43199.0,0.029
KANABEC,2021-01-15,,338,27065,16337.0,0.021
JACKSON,2021-01-15,,281,27063,9846.0,0.029
ITASCA,2021-01-15,,1434,27061,45130.0,0.032
ISANTI,2021-01-15,,767,27059,40596.0,0.019
HUBBARD,2021-01-15,,454,27057,21491.0,0.021
HOUSTON,2021-01-15,,658,27055,18600.0,0.035
HENNEPIN,2021-01-15,,32826,27053,1265843.0,0.026
GRANT,2021-01-15,,233,27051,5972.0,0.039
GOODHUE,2021-01-15,,1508,27049,46340.0,0.033
FREEBORN,2021-01-15,,733,27047,30281.0,0.024
FILLMORE,2021-01-15,,971,27045,21067.0,0.046
FARIBAULT,2021-01-15,,407,27043,13653.0,0.03
DOUGLAS,2021-01-15,,1233,27041,38141.0,0.032
DODGE,2021-01-15,,1134,27039,20934.0,0.054
DAKOTA,2021-01-15,,9028,27037,429021.0,0.021
CROW WING,2021-01-15,,1742,27035,65055.0,0.027
COTTONWOOD,2021-01-15,,468,27033,11196.0,0.042
COOK,2021-01-15,,345,27031,5463.0,0.063
CLEARWATER,2021-01-15,,330,27029,8818.0,0.037
CLAY,2021-01-15,,962,27027,64222.0,0.015
CHISAGO,2021-01-15,,1414,27025,56579.0,0.025
CHIPPEWA,2021-01-15,,443,27023,11800.0,0.038
CASS,2021-01-15,,813,27021,29779.0,0.027
CARVER,2021-01-15,,2288,27019,105089.0,0.022
CARLTON,2021-01-15,,1745,27017,35871.0,0.049
BROWN,2021-01-15,,948,27015,25008.0,0.038
BLUE EARTH,2021-01-15,,1818,27013,67653.0,0.027
BIG STONE,2021-01-15,,408,27011,4991.0,0.082
BENTON,2021-01-15,,777,27009,40889.0,0.019
BELTRAMI,2021-01-15,,1668,27007,47188.0,0.035
BECKER,2021-01-15,,1252,27005,34423.0,0.036
ANOKA,2021-01-15,,6824,27003,356921.0,0.019
AITKIN,2021-01-15,,534,27001,15886.0,0.034
YELLOW MEDICINE,2021-01-16,,675,27173,9709.0,0.07
WRIGHT,2021-01-16,,2853,27171,138377.0,0.021
WINONA,2021-01-16,,1874,27169,50484.0,0.037
WILKIN,2021-01-16,,131,27167,6207.0,0.021
NORMAN,2021-01-16,,400,27107,6375.0,0.063
NOBLES,2021-01-16,,743,27105,21629.0,0.034
NICOLLET,2021-01-16,,762,27103,34274.0,0.022
MURRAY,2021-01-16,,295,27101,8194.0,0.036
MOWER,2021-01-16,,961,27099,40062.0,0.024
MORRISON,2021-01-16,,803,27097,33386.0,0.024
MILLE LACS,2021-01-16,,822,27095,26277.0,0.031
MEEKER,2021-01-16,,592,27093,23222.0,0.025
MCLEOD,2021-01-16,,859,27085,35893.0,0.024
MARTIN,2021-01-16,,660,27091,19683.0,0.034
MARSHALL,2021-01-16,,414,27089,9336.0,0.044
MAHNOMEN,2021-01-16,,738,27087,5527.0,0.134
LYON,2021-01-16,,683,27083,25474.0,0.027
LINCOLN,2021-01-16,,324,27081,5639.0,0.057
LE SUEUR,2021-01-16,,575,27079,28887.0,0.02
LAKE OF THE WOODS,2021-01-16,,191,27077,3740.0,0.051
LAKE,2021-01-16,,483,27075,10641.0,0.045
LAC QUI PARLE,2021-01-16,,391,27073,6623.0,0.059
KOOCHICHING,2021-01-16,,361,27071,12229.0,0.03
KITTSON,2021-01-16,,232,27069,4298.0,0.054
KANDIYOHI,2021-01-16,,1318,27067,43199.0,0.031
KANABEC,2021-01-16,,369,27065,16337.0,0.023
JACKSON,2021-01-16,,288,27063,9846.0,0.029
ITASCA,2021-01-16,,1640,27061,45130.0,0.036
ISANTI,2021-01-16,,791,27059,40596.0,0.019
HUBBARD,2021-01-16,,470,27057,21491.0,0.022
HOUSTON,2021-01-16,,836,27055,18600.0,0.045
HENNEPIN,2021-01-16,,35440,27053,1265843.0,0.028
GRANT,2021-01-16,,242,27051,5972.0,0.041
GOODHUE,2021-01-16,,1680,27049,46340.0,0.036
FREEBORN,2021-01-16,,758,27047,30281.0,0.025
FILLMORE,2021-01-16,,1148,27045,21067.0,0.054
FARIBAULT,2021-01-16,,445,27043,13653.0,0.033
DOUGLAS,2021-01-16,,1393,27041,38141.0,0.037
DODGE,2021-01-16,,1290,27039,20934.0,0.062
DAKOTA,2021-01-16,,9782,27037,429021.0,0.023
CROW WING,2021-01-16,,1832,27035,65055.0,0.028
COTTONWOOD,2021-01-16,,517,27033,11196.0,0.046
COOK,2021-01-16,,345,27031,5463.0,0.063
CLEARWATER,2021-01-16,,345,27029,8818.0,0.039
CLAY,2021-01-16,,1010,27027,64222.0,0.016
CHISAGO,2021-01-16,,1517,27025,56579.0,0.027
CHIPPEWA,2021-01-16,,516,27023,11800.0,0.044
CASS,2021-01-16,,885,27021,29779.0,0.03
CARVER,2021-01-16,,2463,27019,105089.0,0.023
CARLTON,2021-01-16,,1816,27017,35871.0,0.051
BROWN,2021-01-16,,1012,27015,25008.0,0.04
BLUE EARTH,2021-01-16,,1856,27013,67653.0,0.027
BIG STONE,2021-01-16,,430,27011,4991.0,0.086
BENTON,2021-01-16,,853,27009,40889.0,0.021
BELTRAMI,2021-01-16,,1754,27007,47188.0,0.037
BECKER,2021-01-16,,1334,27005,34423.0,0.039
ANOKA,2021-01-16,,7202,27003,356921.0,0.02
AITKIN,2021-01-16,,601,27001,15886.0,0.038
WATONWAN,2021-01-16,,374,27165,10897.0,0.034
WASHINGTON,2021-01-16,,7740,27163,262440.0,0.029
WASECA,2021-01-16,,445,27161,18612.0,0.024
WADENA,2021-01-16,,379,27159,13682.0,0.028
WABASHA,2021-01-16,,1225,27157,21627.0,0.057
UNKNOWN/MISSING,2021-01-16,,20,,,
TRAVERSE,2021-01-16,,183,27155,3259.0,0.056
TODD,2021-01-16,,697,27153,24664.0,0.028
SWIFT,2021-01-16,,371,27151,9266.0,0.04
STEVENS,2021-01-16,,479,27149,9805.0,0.049
STEELE,2021-01-16,,820,27147,36649.0,0.022
STEARNS,2021-01-16,,4387,27145,161075.0,0.027
ST. LOUIS,2021-01-16,,9072,27137,199070.0,0.046
SIBLEY,2021-01-16,,330,27143,14865.0,0.022
SHERBURNE,2021-01-16,,1715,27141,97238.0,0.018
SCOTT,2021-01-16,,3526,27139,149013.0,0.024
ROSEAU,2021-01-16,,642,27135,15165.0,0.042
ROCK,2021-01-16,,379,27133,9315.0,0.041
RICE,2021-01-16,,1542,27131,66972.0,0.023
RENVILLE,2021-01-16,,724,27129,14548.0,0.05
REDWOOD,2021-01-16,,496,27127,15170.0,0.033
RED LAKE,2021-01-16,,138,27125,4055.0,0.034
RAMSEY,2021-01-16,,15456,27123,550321.0,0.028
POPE,2021-01-16,,499,27121,11249.0,0.044
POLK,2021-01-16,,1521,27119,31364.0,0.048
PIPESTONE,2021-01-16,,247,27117,9126.0,0.027
PINE,2021-01-16,,523,27115,29579.0,0.018
PENNINGTON,2021-01-16,,437,27113,14119.0,0.031
OTTER TAIL,2021-01-16,,2251,27111,58746.0,0.038
OLMSTED,2021-01-16,,16492,27109,158293.0,0.104
YELLOW MEDICINE,2021-01-17,,775,27173,9709.0,0.08
WRIGHT,2021-01-17,,2960,27171,138377.0,0.021
WINONA,2021-01-17,,1973,27169,50484.0,0.039
WILKIN,2021-01-17,,134,27167,6207.0,0.022
WATONWAN,2021-01-17,,388,27165,10897.0,0.036
WASHINGTON,2021-01-17,,8180,27163,262440.0,0.031
WASECA,2021-01-17,,479,27161,18612.0,0.026
WADENA,2021-01-17,,481,27159,13682.0,0.035
WABASHA,2021-01-17,,1291,27157,21627.0,0.06
UNKNOWN/MISSING,2021-01-17,,82,,,
TRAVERSE,2021-01-17,,198,27155,3259.0,0.061
TODD,2021-01-17,,713,27153,24664.0,0.029
SWIFT,2021-01-17,,391,27151,9266.0,0.042
STEVENS,2021-01-17,,495,27149,9805.0,0.05
STEELE,2021-01-17,,928,27147,36649.0,0.025
STEARNS,2021-01-17,,4576,27145,161075.0,0.028
ST. LOUIS,2021-01-17,,9381,27137,199070.0,0.047
SIBLEY,2021-01-17,,389,27143,14865.0,0.026
SHERBURNE,2021-01-17,,1788,27141,97238.0,0.018
SCOTT,2021-01-17,,3677,27139,149013.0,0.025
ROSEAU,2021-01-17,,684,27135,15165.0,0.045
ROCK,2021-01-17,,472,27133,9315.0,0.051
RICE,2021-01-17,,1677,27131,66972.0,0.025
RENVILLE,2021-01-17,,792,27129,14548.0,0.054
REDWOOD,2021-01-17,,509,27127,15170.0,0.034
RED LAKE,2021-01-17,,138,27125,4055.0,0.034
RAMSEY,2021-01-17,,16363,27123,550321.0,0.03
POPE,2021-01-17,,575,27121,11249.0,0.051
POLK,2021-01-17,,1592,27119,31364.0,0.051
PIPESTONE,2021-01-17,,253,27117,9126.0,0.028
PINE,2021-01-17,,577,27115,29579.0,0.02
PENNINGTON,2021-01-17,,441,27113,14119.0,0.031
OTTER TAIL,2021-01-17,,2524,27111,58746.0,0.043
OLMSTED,2021-01-17,,17432,27109,158293.0,0.11
NORMAN,2021-01-17,,441,27107,6375.0,0.069
NOBLES,2021-01-17,,781,27105,21629.0,0.036
NICOLLET,2021-01-17,,826,27103,34274.0,0.024
MURRAY,2021-01-17,,298,27101,8194.0,0.036
MOWER,2021-01-17,,1140,27099,40062.0,0.028
MORRISON,2021-01-17,,829,27097,33386.0,0.025
MILLE LACS,2021-01-17,,838,27095,26277.0,0.032
MEEKER,2021-01-17,,664,27093,23222.0,0.029
MCLEOD,2021-01-17,,1068,27085,35893.0,0.03
MARTIN,2021-01-17,,704,27091,19683.0,0.036
MARSHALL,2021-01-17,,417,27089,9336.0,0.045
MAHNOMEN,2021-01-17,,887,27087,5527.0,0.16
LYON,2021-01-17,,807,27083,25474.0,0.032
LINCOLN,2021-01-17,,326,27081,5639.0,0.058
LE SUEUR,2021-01-17,,595,27079,28887.0,0.021
LAKE OF THE WOODS,2021-01-17,,193,27077,3740.0,0.052
LAKE,2021-01-17,,497,27075,10641.0,0.047
LAC QUI PARLE,2021-01-17,,398,27073,6623.0,0.06
KOOCHICHING,2021-01-17,,372,27071,12229.0,0.03
KITTSON,2021-01-17,,234,27069,4298.0,0.054
KANDIYOHI,2021-01-17,,1455,27067,43199.0,0.034
KANABEC,2021-01-17,,371,27065,16337.0,0.023
JACKSON,2021-01-17,,372,27063,9846.0,0.038
ITASCA,2021-01-17,,1828,27061,45130.0,0.041
ISANTI,2021-01-17,,829,27059,40596.0,0.02
HUBBARD,2021-01-17,,501,27057,21491.0,0.023
HOUSTON,2021-01-17,,869,27055,18600.0,0.047
HENNEPIN,2021-01-17,,37063,27053,1265843.0,0.029
GRANT,2021-01-17,,246,27051,5972.0,0.041
GOODHUE,2021-01-17,,1761,27049,46340.0,0.038
FREEBORN,2021-01-17,,817,27047,30281.0,0.027
FILLMORE,2021-01-17,,1252,27045,21067.0,0.059
FARIBAULT,2021-01-17,,477,27043,13653.0,0.035
DOUGLAS,2021-01-17,,1461,27041,38141.0,0.038
DODGE,2021-01-17,,1343,27039,20934.0,0.064
DAKOTA,2021-01-17,,10509,27037,429021.0,0.024
CROW WING,2021-01-17,,1880,27035,65055.0,0.029
COTTONWOOD,2021-01-17,,592,27033,11196.0,0.053
COOK,2021-01-17,,372,27031,5463.0,0.068
CLEARWATER,2021-01-17,,373,27029,8818.0,0.042
CLAY,2021-01-17,,1211,27027,64222.0,0.019
CHISAGO,2021-01-17,,1568,27025,56579.0,0.028
CHIPPEWA,2021-01-17,,577,27023,11800.0,0.049
CASS,2021-01-17,,893,27021,29779.0,0.03
CARVER,2021-01-17,,2625,27019,105089.0,0.025
CARLTON,2021-01-17,,1868,27017,35871.0,0.052
BROWN,2021-01-17,,1181,27015,25008.0,0.047
BLUE EARTH,2021-01-17,,2040,27013,67653.0,0.03
BIG STONE,2021-01-17,,473,27011,4991.0,0.095
BENTON,2021-01-17,,879,27009,40889.0,0.021
BELTRAMI,2021-01-17,,1857,27007,47188.0,0.039
BECKER,2021-01-17,,1514,27005,34423.0,0.044
ANOKA,2021-01-17,,7618,27003,356921.0,0.021
AITKIN,2021-01-17,,645,27001,15886.0,0.041
YELLOW MEDICINE,2021-01-18,,781,27173,9709.0,0.08
WRIGHT,2021-01-18,,3201,27171,138377.0,0.023
WINONA,2021-01-18,,2020,27169,50484.0,0.04
WILKIN,2021-01-18,,196,27167,6207.0,0.032
WATONWAN,2021-01-18,,391,27165,10897.0,0.036
WASHINGTON,2021-01-18,,8529,27163,262440.0,0.032
WASECA,2021-01-18,,518,27161,18612.0,0.028
WADENA,2021-01-18,,496,27159,13682.0,0.036
WABASHA,2021-01-18,,1348,27157,21627.0,0.062
UNKNOWN/MISSING,2021-01-18,,95,,,
TRAVERSE,2021-01-18,,208,27155,3259.0,0.064
TODD,2021-01-18,,750,27153,24664.0,0.03
SWIFT,2021-01-18,,395,27151,9266.0,0.043
STEVENS,2021-01-18,,518,27149,9805.0,0.053
STEELE,2021-01-18,,992,27147,36649.0,0.027
STEARNS,2021-01-18,,4779,27145,161075.0,0.03
ST. LOUIS,2021-01-18,,9685,27137,199070.0,0.049
SIBLEY,2021-01-18,,403,27143,14865.0,0.027
SHERBURNE,2021-01-18,,1851,27141,97238.0,0.019
SCOTT,2021-01-18,,3892,27139,149013.0,0.026
ROSEAU,2021-01-18,,712,27135,15165.0,0.047
ROCK,2021-01-18,,472,27133,9315.0,0.051
RICE,2021-01-18,,1959,27131,66972.0,0.029
RENVILLE,2021-01-18,,877,27129,14548.0,0.06
REDWOOD,2021-01-18,,511,27127,15170.0,0.034
RED LAKE,2021-01-18,,139,27125,4055.0,0.034
RAMSEY,2021-01-18,,17348,27123,550321.0,0.032
POPE,2021-01-18,,625,27121,11249.0,0.056
POLK,2021-01-18,,1605,27119,31364.0,0.051
PIPESTONE,2021-01-18,,255,27117,9126.0,0.028
PINE,2021-01-18,,611,27115,29579.0,0.021
PENNINGTON,2021-01-18,,450,27113,14119.0,0.032
OTTER TAIL,2021-01-18,,2624,27111,58746.0,0.045
OLMSTED,2021-01-18,,18277,27109,158293.0,0.115
NORMAN,2021-01-18,,446,27107,6375.0,0.07
NOBLES,2021-01-18,,785,27105,21629.0,0.036
NICOLLET,2021-01-18,,908,27103,34274.0,0.026
MURRAY,2021-01-18,,298,27101,8194.0,0.036
MOWER,2021-01-18,,1169,27099,40062.0,0.029
MORRISON,2021-01-18,,865,27097,33386.0,0.026
MILLE LACS,2021-01-18,,938,27095,26277.0,0.036
MEEKER,2021-01-18,,686,27093,23222.0,0.03
MCLEOD,2021-01-18,,1188,27085,35893.0,0.033
MARTIN,2021-01-18,,716,27091,19683.0,0.036
MARSHALL,2021-01-18,,418,27089,9336.0,0.045
MAHNOMEN,2021-01-18,,937,27087,5527.0,0.17
LYON,2021-01-18,,859,27083,25474.0,0.034
LINCOLN,2021-01-18,,328,27081,5639.0,0.058
LE SUEUR,2021-01-18,,644,27079,28887.0,0.022
LAKE OF THE WOODS,2021-01-18,,193,27077,3740.0,0.052
LAKE,2021-01-18,,501,27075,10641.0,0.047
LAC QUI PARLE,2021-01-18,,454,27073,6623.0,0.069
KOOCHICHING,2021-01-18,,385,27071,12229.0,0.031
KITTSON,2021-01-18,,234,27069,4298.0,0.054
KANDIYOHI,2021-01-18,,1496,27067,43199.0,0.035
KANABEC,2021-01-18,,402,27065,16337.0,0.025
JACKSON,2021-01-18,,372,27063,9846.0,0.038
ITASCA,2021-01-18,,1956,27061,45130.0,0.043
ISANTI,2021-01-18,,892,27059,40596.0,0.022
HUBBARD,2021-01-18,,516,27057,21491.0,0.024
HOUSTON,2021-01-18,,911,27055,18600.0,0.049
HENNEPIN,2021-01-18,,38905,27053,1265843.0,0.031
GRANT,2021-01-18,,282,27051,5972.0,0.047
GOODHUE,2021-01-18,,1856,27049,46340.0,0.04
FREEBORN,2021-01-18,,886,27047,30281.0,0.029
FILLMORE,2021-01-18,,1317,27045,21067.0,0.063
FARIBAULT,2021-01-18,,503,27043,13653.0,0.037
DOUGLAS,2021-01-18,,1559,27041,38141.0,0.041
DODGE,2021-01-18,,1382,27039,20934.0,0.066
DAKOTA,2021-01-18,,11057,27037,429021.0,0.026
CROW WING,2021-01-18,,2136,27035,65055.0,0.033
COTTONWOOD,2021-01-18,,592,27033,11196.0,0.053
COOK,2021-01-18,,373,27031,5463.0,0.068
CLEARWATER,2021-01-18,,374,27029,8818.0,0.042
CLAY,2021-01-18,,1291,27027,64222.0,0.02
CHISAGO,2021-01-18,,1622,27025,56579.0,0.029
CHIPPEWA,2021-01-18,,597,27023,11800.0,0.051
CASS,2021-01-18,,931,27021,29779.0,0.031
CARVER,2021-01-18,,2861,27019,105089.0,0.027
CARLTON,2021-01-18,,2005,27017,35871.0,0.056
BROWN,2021-01-18,,1186,27015,25008.0,0.047
BLUE EARTH,2021-01-18,,2109,27013,67653.0,0.031
BIG STONE,2021-01-18,,475,27011,4991.0,0.095
BENTON,2021-01-18,,904,27009,40889.0,0.022
BELTRAMI,2021-01-18,,1898,27007,47188.0,0.04
BECKER,2021-01-18,,1560,27005,34423.0,0.045
ANOKA,2021-01-18,,8140,27003,356921.0,0.023
AITKIN,2021-01-18,,651,27001,15886.0,0.041
RICE,2021-01-20,,2019,27131,66972.0,0.03
RENVILLE,2021-01-20,,882,27129,14548.0,0.061
REDWOOD,2021-01-20,,510,27127,15170.0,0.034
RED LAKE,2021-01-20,,138,27125,4055.0,0.034
RAMSEY,2021-01-20,,18168,27123,550321.0,0.033
POPE,2021-01-20,,631,27121,11249.0,0.056
POLK,2021-01-20,,1606,27119,31364.0,0.051
PIPESTONE,2021-01-20,,254,27117,9126.0,0.028
PINE,2021-01-20,,617,27115,29579.0,0.021
PENNINGTON,2021-01-20,,448,27113,14119.0,0.032
OTTER TAIL,2021-01-20,,2683,27111,58746.0,0.046
OLMSTED,2021-01-20,,18331,27109,158293.0,0.116
NORMAN,2021-01-20,,444,27107,6375.0,0.07
NOBLES,2021-01-20,,783,27105,21629.0,0.036
NICOLLET,2021-01-20,,935,27103,34274.0,0.027
MURRAY,2021-01-20,,298,27101,8194.0,0.036
MOWER,2021-01-20,,1235,27099,40062.0,0.031
MORRISON,2021-01-20,,869,27097,33386.0,0.026
MILLE LACS,2021-01-20,,953,27095,26277.0,0.036
MEEKER,2021-01-20,,787,27093,23222.0,0.034
MCLEOD,2021-01-20,,1204,27085,35893.0,0.034
MARTIN,2021-01-20,,715,27091,19683.0,0.036
MARSHALL,2021-01-20,,418,27089,9336.0,0.045
MAHNOMEN,2021-01-20,,936,27087,5527.0,0.169
LYON,2021-01-20,,861,27083,25474.0,0.034
LINCOLN,2021-01-20,,327,27081,5639.0,0.058
LE SUEUR,2021-01-20,,656,27079,28887.0,0.023
LAKE OF THE WOODS,2021-01-20,,194,27077,3740.0,0.052
LAKE,2021-01-20,,503,27075,10641.0,0.047
LAC QUI PARLE,2021-01-20,,462,27073,6623.0,0.07
KOOCHICHING,2021-01-20,,503,27071,12229.0,0.041
KITTSON,2021-01-20,,234,27069,4298.0,0.054
KANDIYOHI,2021-01-20,,1572,27067,43199.0,0.036
KANABEC,2021-01-20,,418,27065,16337.0,0.026
JACKSON,2021-01-20,,372,27063,9846.0,0.038
ITASCA,2021-01-20,,2025,27061,45130.0,0.045
ISANTI,2021-01-20,,898,27059,40596.0,0.022
HUBBARD,2021-01-20,,514,27057,21491.0,0.024
HOUSTON,2021-01-20,,976,27055,18600.0,0.052
HENNEPIN,2021-01-20,,40350,27053,1265843.0,0.032
GRANT,2021-01-20,,308,27051,5972.0,0.052
GOODHUE,2021-01-20,,1878,27049,46340.0,0.041
FREEBORN,2021-01-20,,994,27047,30281.0,0.033
FILLMORE,2021-01-20,,1344,27045,21067.0,0.064
FARIBAULT,2021-01-20,,544,27043,13653.0,0.04
DOUGLAS,2021-01-20,,1574,27041,38141.0,0.041
DODGE,2021-01-20,,1381,27039,20934.0,0.066
DAKOTA,2021-01-20,,11684,27037,429021.0,0.027
CROW WING,2021-01-20,,2252,27035,65055.0,0.035
COTTONWOOD,2021-01-20,,593,27033,11196.0,0.053
COOK,2021-01-20,,375,27031,5463.0,0.069
CLEARWATER,2021-01-20,,374,27029,8818.0,0.042
CLAY,2021-01-20,,1333,27027,64222.0,0.021
CHISAGO,2021-01-20,,1698,27025,56579.0,0.03
CHIPPEWA,2021-01-20,,624,27023,11800.0,0.053
CASS,2021-01-20,,926,27021,29779.0,0.031
CARVER,2021-01-20,,2920,27019,105089.0,0.028
CARLTON,2021-01-20,,2079,27017,35871.0,0.058
BROWN,2021-01-20,,1196,27015,25008.0,0.048
BLUE EARTH,2021-01-20,,2134,27013,67653.0,0.032
BIG STONE,2021-01-20,,475,27011,4991.0,0.095
BENTON,2021-01-20,,967,27009,40889.0,0.024
BELTRAMI,2021-01-20,,1896,27007,47188.0,0.04
BECKER,2021-01-20,,1561,27005,34423.0,0.045
ANOKA,2021-01-20,,8696,27003,356921.0,0.024
AITKIN,2021-01-20,,652,27001,15886.0,0.041
YELLOW MEDICINE,2021-01-20,,784,27173,9709.0,0.081
WRIGHT,2021-01-20,,3278,27171,138377.0,0.024
WINONA,2021-01-20,,2072,27169,50484.0,0.041
WILKIN,2021-01-20,,201,27167,6207.0,0.032
WATONWAN,2021-01-20,,395,27165,10897.0,0.036
WASHINGTON,2021-01-20,,8862,27163,262440.0,0.034
WASECA,2021-01-20,,524,27161,18612.0,0.028
WADENA,2021-01-20,,505,27159,13682.0,0.037
WABASHA,2021-01-20,,1358,27157,21627.0,0.063
UNKNOWN/MISSING,2021-01-20,,85,,,
TRAVERSE,2021-01-20,,211,27155,3259.0,0.065
TODD,2021-01-20,,749,27153,24664.0,0.03
SWIFT,2021-01-20,,392,27151,9266.0,0.042
STEVENS,2021-01-20,,520,27149,9805.0,0.053
STEELE,2021-01-20,,999,27147,36649.0,0.027
STEARNS,2021-01-20,,5194,27145,161075.0,0.032
ST. LOUIS,2021-01-20,,10067,27137,199070.0,0.051
SIBLEY,2021-01-20,,401,27143,14865.0,0.027
SHERBURNE,2021-01-20,,1897,27141,97238.0,0.02
SCOTT,2021-01-20,,3971,27139,149013.0,0.027
ROSEAU,2021-01-20,,716,27135,15165.0,0.047
ROCK,2021-01-20,,472,27133,9315.0,0.051
YELLOW MEDICINE,2021-01-21,,783,27173,9709.0,0.081
WRIGHT,2021-01-21,,3322,27171,138377.0,0.024
WINONA,2021-01-21,,2120,27169,50484.0,0.042
WILKIN,2021-01-21,,201,27167,6207.0,0.032
WATONWAN,2021-01-21,,396,27165,10897.0,0.036
WASHINGTON,2021-01-21,,8971,27163,262440.0,0.034
WASECA,2021-01-21,,527,27161,18612.0,0.028
WADENA,2021-01-21,,506,27159,13682.0,0.037
WABASHA,2021-01-21,,1387,27157,21627.0,0.064
UNKNOWN/MISSING,2021-01-21,,130,,,
TRAVERSE,2021-01-21,,219,27155,3259.0,0.067
TODD,2021-01-21,,754,27153,24664.0,0.031
SWIFT,2021-01-21,,394,27151,9266.0,0.043
STEVENS,2021-01-21,,525,27149,9805.0,0.054
STEELE,2021-01-21,,999,27147,36649.0,0.027
STEARNS,2021-01-21,,5231,27145,161075.0,0.032
ST. LOUIS,2021-01-21,,10125,27137,199070.0,0.051
SIBLEY,2021-01-21,,405,27143,14865.0,0.027
SHERBURNE,2021-01-21,,1921,27141,97238.0,0.02
SCOTT,2021-01-21,,4031,27139,149013.0,0.027
ROSEAU,2021-01-21,,727,27135,15165.0,0.048
ROCK,2021-01-21,,476,27133,9315.0,0.051
RICE,2021-01-21,,2039,27131,66972.0,0.03
RENVILLE,2021-01-21,,884,27129,14548.0,0.061
REDWOOD,2021-01-21,,509,27127,15170.0,0.034
RED LAKE,2021-01-21,,138,27125,4055.0,0.034
RAMSEY,2021-01-21,,18342,27123,550321.0,0.033
POPE,2021-01-21,,673,27121,11249.0,0.06
POLK,2021-01-21,,1603,27119,31364.0,0.051
PIPESTONE,2021-01-21,,296,27117,9126.0,0.032
PINE,2021-01-21,,619,27115,29579.0,0.021
PENNINGTON,2021-01-21,,450,27113,14119.0,0.032
OTTER TAIL,2021-01-21,,2687,27111,58746.0,0.046
OLMSTED,2021-01-21,,18737,27109,158293.0,0.118
NORMAN,2021-01-21,,444,27107,6375.0,0.07
NOBLES,2021-01-21,,782,27105,21629.0,0.036
NICOLLET,2021-01-21,,1032,27103,34274.0,0.03
MURRAY,2021-01-21,,305,27101,8194.0,0.037
MOWER,2021-01-21,,1251,27099,40062.0,0.031
MORRISON,2021-01-21,,872,27097,33386.0,0.026
MILLE LACS,2021-01-21,,962,27095,26277.0,0.037
MEEKER,2021-01-21,,784,27093,23222.0,0.034
MCLEOD,2021-01-21,,1219,27085,35893.0,0.034
MARTIN,2021-01-21,,717,27091,19683.0,0.036
MARSHALL,2021-01-21,,419,27089,9336.0,0.045
MAHNOMEN,2021-01-21,,935,27087,5527.0,0.169
LYON,2021-01-21,,863,27083,25474.0,0.034
LINCOLN,2021-01-21,,328,27081,5639.0,0.058
LE SUEUR,2021-01-21,,690,27079,28887.0,0.024
LAKE OF THE WOODS,2021-01-21,,194,27077,3740.0,0.052
LAKE,2021-01-21,,504,27075,10641.0,0.047
LAC QUI PARLE,2021-01-21,,461,27073,6623.0,0.07
KOOCHICHING,2021-01-21,,504,27071,12229.0,0.041
KITTSON,2021-01-21,,234,27069,4298.0,0.054
KANDIYOHI,2021-01-21,,1572,27067,43199.0,0.036
KANABEC,2021-01-21,,420,27065,16337.0,0.026
JACKSON,2021-01-21,,372,27063,9846.0,0.038
ITASCA,2021-01-21,,2032,27061,45130.0,0.045
ISANTI,2021-01-21,,898,27059,40596.0,0.022
HUBBARD,2021-01-21,,521,27057,21491.0,0.024
HOUSTON,2021-01-21,,992,27055,18600.0,0.053
HENNEPIN,2021-01-21,,40944,27053,1265843.0,0.032
GRANT,2021-01-21,,344,27051,5972.0,0.058
GOODHUE,2021-01-21,,1915,27049,46340.0,0.041
FREEBORN,2021-01-21,,1008,27047,30281.0,0.033
FILLMORE,2021-01-21,,1369,27045,21067.0,0.065
FARIBAULT,2021-01-21,,545,27043,13653.0,0.04
DOUGLAS,2021-01-21,,1663,27041,38141.0,0.044
DODGE,2021-01-21,,1396,27039,20934.0,0.067
DAKOTA,2021-01-21,,11913,27037,429021.0,0.028
CROW WING,2021-01-21,,2270,27035,65055.0,0.035
COTTONWOOD,2021-01-21,,593,27033,11196.0,0.053
COOK,2021-01-21,,473,27031,5463.0,0.087
CLEARWATER,2021-01-21,,376,27029,8818.0,0.043
CLAY,2021-01-21,,1334,27027,64222.0,0.021
CHISAGO,2021-01-21,,1702,27025,56579.0,0.03
CHIPPEWA,2021-01-21,,624,27023,11800.0,0.053
CASS,2021-01-21,,931,27021,29779.0,0.031
CARVER,2021-01-21,,3016,27019,105089.0,0.029
CARLTON,2021-01-21,,2079,27017,35871.0,0.058
BROWN,2021-01-21,,1196,27015,25008.0,0.048
BLUE EARTH,2021-01-21,,2170,27013,67653.0,0.032
BIG STONE,2021-01-21,,475,27011,4991.0,0.095
BENTON,2021-01-21,,972,27009,40889.0,0.024
BELTRAMI,2021-01-21,,2055,27007,47188.0,0.044
BECKER,2021-01-21,,1584,27005,34423.0,0.046
ANOKA,2021-01-21,,8805,27003,356921.0,0.025
AITKIN,2021-01-21,,653,27001,15886.0,0.041
YELLOW MEDICINE,2021-01-22,,785,27173,9709.0,0.081
WRIGHT,2021-01-22,,3421,27171,138377.0,0.025
WINONA,2021-01-22,,2152,27169,50484.0,0.043
WILKIN,2021-01-22,,226,27167,6207.0,0.036
WATONWAN,2021-01-22,,415,27165,10897.0,0.038
WASHINGTON,2021-01-22,,9408,27163,262440.0,0.036
WASECA,2021-01-22,,542,27161,18612.0,0.029
WADENA,2021-01-22,,511,27159,13682.0,0.037
WABASHA,2021-01-22,,1420,27157,21627.0,0.066
UNKNOWN/MISSING,2021-01-22,,170,,,
TRAVERSE,2021-01-22,,230,27155,3259.0,0.071
TODD,2021-01-22,,771,27153,24664.0,0.031
SWIFT,2021-01-22,,398,27151,9266.0,0.043
STEVENS,2021-01-22,,535,27149,9805.0,0.055
STEELE,2021-01-22,,1047,27147,36649.0,0.029
STEARNS,2021-01-22,,5452,27145,161075.0,0.034
ST. LOUIS,2021-01-22,,10343,27137,199070.0,0.052
SIBLEY,2021-01-22,,466,27143,14865.0,0.031
SHERBURNE,2021-01-22,,2076,27141,97238.0,0.021
SCOTT,2021-01-22,,4295,27139,149013.0,0.029
ROSEAU,2021-01-22,,738,27135,15165.0,0.049
ROCK,2021-01-22,,476,27133,9315.0,0.051
RICE,2021-01-22,,2273,27131,66972.0,0.034
RENVILLE,2021-01-22,,910,27129,14548.0,0.063
REDWOOD,2021-01-22,,524,27127,15170.0,0.035
RED LAKE,2021-01-22,,139,27125,4055.0,0.034
RAMSEY,2021-01-22,,19446,27123,550321.0,0.035
POPE,2021-01-22,,718,27121,11249.0,0.064
POLK,2021-01-22,,1650,27119,31364.0,0.053
PIPESTONE,2021-01-22,,298,27117,9126.0,0.033
PINE,2021-01-22,,711,27115,29579.0,0.024
PENNINGTON,2021-01-22,,451,27113,14119.0,0.032
OTTER TAIL,2021-01-22,,2816,27111,58746.0,0.048
OLMSTED,2021-01-22,,19323,27109,158293.0,0.122
NORMAN,2021-01-22,,455,27107,6375.0,0.071
NOBLES,2021-01-22,,782,27105,21629.0,0.036
NICOLLET,2021-01-22,,1081,27103,34274.0,0.032
MURRAY,2021-01-22,,334,27101,8194.0,0.041
MOWER,2021-01-22,,1372,27099,40062.0,0.034
MORRISON,2021-01-22,,921,27097,33386.0,0.028
MILLE LACS,2021-01-22,,1007,27095,26277.0,0.038
MEEKER,2021-01-22,,795,27093,23222.0,0.034
MCLEOD,2021-01-22,,1444,27085,35893.0,0.04
MARTIN,2021-01-22,,728,27091,19683.0,0.037
MARSHALL,2021-01-22,,419,27089,9336.0,0.045
MAHNOMEN,2021-01-22,,942,27087,5527.0,0.17
LYON,2021-01-22,,864,27083,25474.0,0.034
LINCOLN,2021-01-22,,329,27081,5639.0,0.058
LE SUEUR,2021-01-22,,758,27079,28887.0,0.026
LAKE OF THE WOODS,2021-01-22,,194,27077,3740.0,0.052
LAKE,2021-01-22,,541,27075,10641.0,0.051
LAC QUI PARLE,2021-01-22,,475,27073,6623.0,0.072
KOOCHICHING,2021-01-22,,521,27071,12229.0,0.043
KITTSON,2021-01-22,,235,27069,4298.0,0.055
KANDIYOHI,2021-01-22,,1627,27067,43199.0,0.038
KANABEC,2021-01-22,,446,27065,16337.0,0.027
JACKSON,2021-01-22,,372,27063,9846.0,0.038
ITASCA,2021-01-22,,2048,27061,45130.0,0.045
ISANTI,2021-01-22,,952,27059,40596.0,0.023
HUBBARD,2021-01-22,,567,27057,21491.0,0.026
HOUSTON,2021-01-22,,1055,27055,18600.0,0.057
HENNEPIN,2021-01-22,,43045,27053,1265843.0,0.034
GRANT,2021-01-22,,366,27051,5972.0,0.061
GOODHUE,2021-01-22,,1986,27049,46340.0,0.043
FREEBORN,2021-01-22,,1072,27047,30281.0,0.035
FILLMORE,2021-01-22,,1407,27045,21067.0,0.067
FARIBAULT,2021-01-22,,568,27043,13653.0,0.042
DOUGLAS,2021-01-22,,1889,27041,38141.0,0.05
DODGE,2021-01-22,,1435,27039,20934.0,0.069
DAKOTA,2021-01-22,,12782,27037,429021.0,0.03
CROW WING,2021-01-22,,2534,27035,65055.0,0.039
COTTONWOOD,2021-01-22,,593,27033,11196.0,0.053
COOK,2021-01-22,,473,27031,5463.0,0.087
CLEARWATER,2021-01-22,,394,27029,8818.0,0.045
CLAY,2021-01-22,,1477,27027,64222.0,0.023
CHISAGO,2021-01-22,,1768,27025,56579.0,0.031
CHIPPEWA,2021-01-22,,682,27023,11800.0,0.058
CASS,2021-01-22,,1009,27021,29779.0,0.034
CARVER,2021-01-22,,3195,27019,105089.0,0.03
CARLTON,2021-01-22,,2176,27017,35871.0,0.061
BROWN,2021-01-22,,1213,27015,25008.0,0.049
BLUE EARTH,2021-01-22,,2238,27013,67653.0,0.033
BIG STONE,2021-01-22,,475,27011,4991.0,0.095
BENTON,2021-01-22,,990,27009,40889.0,0.024
BELTRAMI,2021-01-22,,2302,27007,47188.0,0.049
BECKER,2021-01-22,,1636,27005,34423.0,0.048
ANOKA,2021-01-22,,9206,27003,356921.0,0.026
AITKIN,2021-01-22,,739,27001,15886.0,0.047
YELLOW MEDICINE,2021-01-23,,820,27173,9709.0,0.084
WRIGHT,2021-01-23,,3838,27171,138377.0,0.028
WINONA,2021-01-23,,2230,27169,50484.0,0.044
WILKIN,2021-01-23,,250,27167,6207.0,0.04
WATONWAN,2021-01-23,,401,27165,10897.0,0.037
WASHINGTON,2021-01-23,,10274,27163,262440.0,0.039
WASECA,2021-01-23,,589,27161,18612.0,0.032
WADENA,2021-01-23,,568,27159,13682.0,0.042
WABASHA,2021-01-23,,1445,27157,21627.0,0.067
UNKNOWN/MISSING,2021-01-23,,244,,,
TRAVERSE,2021-01-23,,241,27155,3259.0,0.074
TODD,2021-01-23,,1048,27153,24664.0,0.042
SWIFT,2021-01-23,,428,27151,9266.0,0.046
STEVENS,2021-01-23,,578,27149,9805.0,0.059
STEELE,2021-01-23,,1198,27147,36649.0,0.033
STEARNS,2021-01-23,,5808,27145,161075.0,0.036
ST. LOUIS,2021-01-23,,10903,27137,199070.0,0.055
SIBLEY,2021-01-23,,508,27143,14865.0,0.034
SHERBURNE,2021-01-23,,2373,27141,97238.0,0.024
SCOTT,2021-01-23,,4869,27139,149013.0,0.033
ROSEAU,2021-01-23,,746,27135,15165.0,0.049
ROCK,2021-01-23,,489,27133,9315.0,0.052
RICE,2021-01-23,,2547,27131,66972.0,0.038
RENVILLE,2021-01-23,,935,27129,14548.0,0.064
REDWOOD,2021-01-23,,615,27127,15170.0,0.041
RED LAKE,2021-01-23,,146,27125,4055.0,0.036
RAMSEY,2021-01-23,,20598,27123,550321.0,0.037
POPE,2021-01-23,,818,27121,11249.0,0.073
POLK,2021-01-23,,1699,27119,31364.0,0.054
PIPESTONE,2021-01-23,,302,27117,9126.0,0.033
PINE,2021-01-23,,758,27115,29579.0,0.026
PENNINGTON,2021-01-23,,490,27113,14119.0,0.035
OTTER TAIL,2021-01-23,,2955,27111,58746.0,0.05
OLMSTED,2021-01-23,,19782,27109,158293.0,0.125
NORMAN,2021-01-23,,469,27107,6375.0,0.074
NOBLES,2021-01-23,,964,27105,21629.0,0.045
NICOLLET,2021-01-23,,1294,27103,34274.0,0.038
MURRAY,2021-01-23,,345,27101,8194.0,0.042
MOWER,2021-01-23,,1430,27099,40062.0,0.036
MORRISON,2021-01-23,,944,27097,33386.0,0.028
MILLE LACS,2021-01-23,,1042,27095,26277.0,0.04
MEEKER,2021-01-23,,823,27093,23222.0,0.035
MCLEOD,2021-01-23,,1501,27085,35893.0,0.042
MARTIN,2021-01-23,,795,27091,19683.0,0.04
MARSHALL,2021-01-23,,429,27089,9336.0,0.046
MAHNOMEN,2021-01-23,,966,27087,5527.0,0.175
LYON,2021-01-23,,998,27083,25474.0,0.039
LINCOLN,2021-01-23,,353,27081,5639.0,0.063
LE SUEUR,2021-01-23,,874,27079,28887.0,0.03
LAKE OF THE WOODS,2021-01-23,,209,27077,3740.0,0.056
LAKE,2021-01-23,,592,27075,10641.0,0.056
LAC QUI PARLE,2021-01-23,,491,27073,6623.0,0.074
KOOCHICHING,2021-01-23,,585,27071,12229.0,0.048
KITTSON,2021-01-23,,240,27069,4298.0,0.056
KANDIYOHI,2021-01-23,,1759,27067,43199.0,0.041
KANABEC,2021-01-23,,454,27065,16337.0,0.028
JACKSON,2021-01-23,,381,27063,9846.0,0.039
ITASCA,2021-01-23,,2209,27061,45130.0,0.049
ISANTI,2021-01-23,,994,27059,40596.0,0.024
HUBBARD,2021-01-23,,633,27057,21491.0,0.029
HOUSTON,2021-01-23,,1299,27055,18600.0,0.07
HENNEPIN,2021-01-23,,45885,27053,1265843.0,0.036
GRANT,2021-01-23,,374,27051,5972.0,0.063
GOODHUE,2021-01-23,,2191,27049,46340.0,0.047
FREEBORN,2021-01-23,,1135,27047,30281.0,0.037
FILLMORE,2021-01-23,,1433,27045,21067.0,0.068
FARIBAULT,2021-01-23,,613,27043,13653.0,0.045
DOUGLAS,2021-01-23,,2083,27041,38141.0,0.055
DODGE,2021-01-23,,1533,27039,20934.0,0.073
DAKOTA,2021-01-23,,13959,27037,429021.0,0.033
CROW WING,2021-01-23,,2669,27035,65055.0,0.041
COTTONWOOD,2021-01-23,,600,27033,11196.0,0.054
COOK,2021-01-23,,533,27031,5463.0,0.098
CLEARWATER,2021-01-23,,427,27029,8818.0,0.048
CLAY,2021-01-23,,1627,27027,64222.0,0.025
CHISAGO,2021-01-23,,1901,27025,56579.0,0.034
CHIPPEWA,2021-01-23,,699,27023,11800.0,0.059
CASS,2021-01-23,,1042,27021,29779.0,0.035
CARVER,2021-01-23,,3433,27019,105089.0,0.033
CARLTON,2021-01-23,,2325,27017,35871.0,0.065
BROWN,2021-01-23,,1294,27015,25008.0,0.052
BLUE EARTH,2021-01-23,,2554,27013,67653.0,0.038
BIG STONE,2021-01-23,,482,27011,4991.0,0.097
BENTON,2021-01-23,,1070,27009,40889.0,0.026
BELTRAMI,2021-01-23,,2469,27007,47188.0,0.052
BECKER,2021-01-23,,1725,27005,34423.0,0.05
ANOKA,2021-01-23,,9790,27003,356921.0,0.027
AITKIN,2021-01-23,,751,27001,15886.0,0.047
YELLOW MEDICINE,2021-01-24,,957,27173,9709.0,0.099
WRIGHT,2021-01-24,,4183,27171,138377.0,0.03
WINONA,2021-01-24,,2337,27169,50484.0,0.046
WILKIN,2021-01-24,,283,27167,6207.0,0.046
WATONWAN,2021-01-24,,410,27165,10897.0,0.038
WASHINGTON,2021-01-24,,10902,27163,262440.0,0.042
WASECA,2021-01-24,,676,27161,18612.0,0.036
WADENA,2021-01-24,,674,27159,13682.0,0.049
WABASHA,2021-01-24,,1569,27157,21627.0,0.073
UNKNOWN/MISSING,2021-01-24,,415,,,
TRAVERSE,2021-01-24,,265,27155,3259.0,0.081
TODD,2021-01-24,,1216,27153,24664.0,0.049
SWIFT,2021-01-24,,562,27151,9266.0,0.061
STEVENS,2021-01-24,,632,27149,9805.0,0.064
STEELE,2021-01-24,,1275,27147,36649.0,0.035
STEARNS,2021-01-24,,6416,27145,161075.0,0.04
ST. LOUIS,2021-01-24,,11529,27137,199070.0,0.058
SIBLEY,2021-01-24,,547,27143,14865.0,0.037
SHERBURNE,2021-01-24,,2568,27141,97238.0,0.026
SCOTT,2021-01-24,,5431,27139,149013.0,0.036
ROSEAU,2021-01-24,,793,27135,15165.0,0.052
ROCK,2021-01-24,,585,27133,9315.0,0.063
RICE,2021-01-24,,2680,27131,66972.0,0.04
RENVILLE,2021-01-24,,1034,27129,14548.0,0.071
REDWOOD,2021-01-24,,642,27127,15170.0,0.042
RED LAKE,2021-01-24,,157,27125,4055.0,0.039
RAMSEY,2021-01-24,,22119,27123,550321.0,0.04
POPE,2021-01-24,,890,27121,11249.0,0.079
POLK,2021-01-24,,1822,27119,31364.0,0.058
PIPESTONE,2021-01-24,,311,27117,9126.0,0.034
PINE,2021-01-24,,967,27115,29579.0,0.033
PENNINGTON,2021-01-24,,492,27113,14119.0,0.035
OTTER TAIL,2021-01-24,,3140,27111,58746.0,0.053
OLMSTED,2021-01-24,,20476,27109,158293.0,0.129
NORMAN,2021-01-24,,547,27107,6375.0,0.086
NOBLES,2021-01-24,,1010,27105,21629.0,0.047
NICOLLET,2021-01-24,,1374,27103,34274.0,0.04
MURRAY,2021-01-24,,408,27101,8194.0,0.05
MOWER,2021-01-24,,1452,27099,40062.0,0.036
MORRISON,2021-01-24,,1308,27097,33386.0,0.039
MILLE LACS,2021-01-24,,1417,27095,26277.0,0.054
MEEKER,2021-01-24,,929,27093,23222.0,0.04
MCLEOD,2021-01-24,,1594,27085,35893.0,0.044
MARTIN,2021-01-24,,803,27091,19683.0,0.041
MARSHALL,2021-01-24,,441,27089,9336.0,0.047
MAHNOMEN,2021-01-24,,983,27087,5527.0,0.178
LYON,2021-01-24,,1015,27083,25474.0,0.04
LINCOLN,2021-01-24,,368,27081,5639.0,0.065
LE SUEUR,2021-01-24,,966,27079,28887.0,0.033
LAKE OF THE WOODS,2021-01-24,,213,27077,3740.0,0.057
LAKE,2021-01-24,,608,27075,10641.0,0.057
LAC QUI PARLE,2021-01-24,,518,27073,6623.0,0.078
KOOCHICHING,2021-01-24,,614,27071,12229.0,0.05
KITTSON,2021-01-24,,248,27069,4298.0,0.058
KANDIYOHI,2021-01-24,,2252,27067,43199.0,0.052
KANABEC,2021-01-24,,590,27065,16337.0,0.036
JACKSON,2021-01-24,,391,27063,9846.0,0.04
ITASCA,2021-01-24,,2514,27061,45130.0,0.056
ISANTI,2021-01-24,,1113,27059,40596.0,0.027
HUBBARD,2021-01-24,,663,27057,21491.0,0.031
HOUSTON,2021-01-24,,1348,27055,18600.0,0.072
HENNEPIN,2021-01-24,,49099,27053,1265843.0,0.039
GRANT,2021-01-24,,393,27051,5972.0,0.066
GOODHUE,2021-01-24,,2297,27049,46340.0,0.05
FREEBORN,2021-01-24,,1165,27047,30281.0,0.038
FILLMORE,2021-01-24,,1489,27045,21067.0,0.071
FARIBAULT,2021-01-24,,640,27043,13653.0,0.047
DOUGLAS,2021-01-24,,2643,27041,38141.0,0.069
DODGE,2021-01-24,,1637,27039,20934.0,0.078
DAKOTA,2021-01-24,,14900,27037,429021.0,0.035
CROW WING,2021-01-24,,3039,27035,65055.0,0.047
COTTONWOOD,2021-01-24,,605,27033,11196.0,0.054
COOK,2021-01-24,,671,27031,5463.0,0.123
CLEARWATER,2021-01-24,,520,27029,8818.0,0.059
CLAY,2021-01-24,,1808,27027,64222.0,0.028
CHISAGO,2021-01-24,,2073,27025,56579.0,0.037
CHIPPEWA,2021-01-24,,757,27023,11800.0,0.064
CASS,2021-01-24,,1128,27021,29779.0,0.038
CARVER,2021-01-24,,3610,27019,105089.0,0.034
CARLTON,2021-01-24,,2455,27017,35871.0,0.068
BROWN,2021-01-24,,1316,27015,25008.0,0.053
BLUE EARTH,2021-01-24,,2874,27013,67653.0,0.042
BIG STONE,2021-01-24,,483,27011,4991.0,0.097
BENTON,2021-01-24,,1175,27009,40889.0,0.029
BELTRAMI,2021-01-24,,2612,27007,47188.0,0.055
BECKER,2021-01-24,,1928,27005,34423.0,0.056
ANOKA,2021-01-24,,10633,27003,356921.0,0.03
AITKIN,2021-01-24,,823,27001,15886.0,0.052
YELLOW MEDICINE,2021-01-25,,992,27173,9709.0,0.102
WRIGHT,2021-01-25,,4455,27171,138377.0,0.032
WINONA,2021-01-25,,2507,27169,50484.0,0.05
WILKIN,2021-01-25,,321,27167,6207.0,0.052
WATONWAN,2021-01-25,,440,27165,10897.0,0.04
WASHINGTON,2021-01-25,,11668,27163,262440.0,0.044
WASECA,2021-01-25,,784,27161,18612.0,0.042
WADENA,2021-01-25,,829,27159,13682.0,0.061
WABASHA,2021-01-25,,1673,27157,21627.0,0.077
UNKNOWN/MISSING,2021-01-25,,438,,,
TRAVERSE,2021-01-25,,320,27155,3259.0,0.098
TODD,2021-01-25,,1304,27153,24664.0,0.053
SWIFT,2021-01-25,,601,27151,9266.0,0.065
STEVENS,2021-01-25,,661,27149,9805.0,0.067
STEELE,2021-01-25,,1329,27147,36649.0,0.036
STEARNS,2021-01-25,,7008,27145,161075.0,0.044
ST. LOUIS,2021-01-25,,12665,27137,199070.0,0.064
SIBLEY,2021-01-25,,577,27143,14865.0,0.039
SHERBURNE,2021-01-25,,2738,27141,97238.0,0.028
SCOTT,2021-01-25,,5844,27139,149013.0,0.039
ROSEAU,2021-01-25,,815,27135,15165.0,0.054
ROCK,2021-01-25,,672,27133,9315.0,0.072
RICE,2021-01-25,,3031,27131,66972.0,0.045
RENVILLE,2021-01-25,,1060,27129,14548.0,0.073
REDWOOD,2021-01-25,,672,27127,15170.0,0.044
RED LAKE,2021-01-25,,213,27125,4055.0,0.053
RAMSEY,2021-01-25,,23577,27123,550321.0,0.043
POPE,2021-01-25,,903,27121,11249.0,0.08
POLK,2021-01-25,,1899,27119,31364.0,0.061
PIPESTONE,2021-01-25,,316,27117,9126.0,0.035
PINE,2021-01-25,,1056,27115,29579.0,0.036
PENNINGTON,2021-01-25,,584,27113,14119.0,0.041
OTTER TAIL,2021-01-25,,3333,27111,58746.0,0.057
OLMSTED,2021-01-25,,20984,27109,158293.0,0.133
NORMAN,2021-01-25,,638,27107,6375.0,0.1
NOBLES,2021-01-25,,1040,27105,21629.0,0.048
NICOLLET,2021-01-25,,1445,27103,34274.0,0.042
MURRAY,2021-01-25,,467,27101,8194.0,0.057
MOWER,2021-01-25,,1692,27099,40062.0,0.042
MORRISON,2021-01-25,,1399,27097,33386.0,0.042
MILLE LACS,2021-01-25,,1468,27095,26277.0,0.056
MEEKER,2021-01-25,,989,27093,23222.0,0.043
MCLEOD,2021-01-25,,1746,27085,35893.0,0.049
MARTIN,2021-01-25,,822,27091,19683.0,0.042
MARSHALL,2021-01-25,,471,27089,9336.0,0.05
MAHNOMEN,2021-01-25,,1001,27087,5527.0,0.181
LYON,2021-01-25,,1044,27083,25474.0,0.041
LINCOLN,2021-01-25,,370,27081,5639.0,0.066
LE SUEUR,2021-01-25,,1025,27079,28887.0,0.035
LAKE OF THE WOODS,2021-01-25,,221,27077,3740.0,0.059
LAKE,2021-01-25,,625,27075,10641.0,0.059
LAC QUI PARLE,2021-01-25,,561,27073,6623.0,0.085
KOOCHICHING,2021-01-25,,633,27071,12229.0,0.052
KITTSON,2021-01-25,,374,27069,4298.0,0.087
KANDIYOHI,2021-01-25,,2497,27067,43199.0,0.058
KANABEC,2021-01-25,,685,27065,16337.0,0.042
JACKSON,2021-01-25,,480,27063,9846.0,0.049
ITASCA,2021-01-25,,2805,27061,45130.0,0.062
ISANTI,2021-01-25,,1174,27059,40596.0,0.029
HUBBARD,2021-01-25,,801,27057,21491.0,0.037
HOUSTON,2021-01-25,,1462,27055,18600.0,0.079
HENNEPIN,2021-01-25,,53215,27053,1265843.0,0.042
GRANT,2021-01-25,,409,27051,5972.0,0.068
GOODHUE,2021-01-25,,2516,27049,46340.0,0.054
FREEBORN,2021-01-25,,1248,27047,30281.0,0.041
FILLMORE,2021-01-25,,1692,27045,21067.0,0.08
FARIBAULT,2021-01-25,,649,27043,13653.0,0.048
DOUGLAS,2021-01-25,,3040,27041,38141.0,0.08
DODGE,2021-01-25,,1669,27039,20934.0,0.08
DAKOTA,2021-01-25,,16181,27037,429021.0,0.038
CROW WING,2021-01-25,,3562,27035,65055.0,0.055
COTTONWOOD,2021-01-25,,677,27033,11196.0,0.06
COOK,2021-01-25,,702,27031,5463.0,0.129
CLEARWATER,2021-01-25,,607,27029,8818.0,0.069
CLAY,2021-01-25,,2204,27027,64222.0,0.034
CHISAGO,2021-01-25,,2191,27025,56579.0,0.039
CHIPPEWA,2021-01-25,,830,27023,11800.0,0.07
CASS,2021-01-25,,1270,27021,29779.0,0.043
CARVER,2021-01-25,,4093,27019,105089.0,0.039
CARLTON,2021-01-25,,2616,27017,35871.0,0.073
BROWN,2021-01-25,,1363,27015,25008.0,0.055
BLUE EARTH,2021-01-25,,3109,27013,67653.0,0.046
BIG STONE,2021-01-25,,533,27011,4991.0,0.107
BENTON,2021-01-25,,1244,27009,40889.0,0.03
BELTRAMI,2021-01-25,,2785,27007,47188.0,0.059
BECKER,2021-01-25,,1997,27005,34423.0,0.058
ANOKA,2021-01-25,,11482,27003,356921.0,0.032
AITKIN,2021-01-25,,897,27001,15886.0,0.056
YELLOW MEDICINE,2021-01-27,2021-01-25,1086,27173,9709.0,0.112
WRIGHT,2021-01-27,2021-01-25,5043,27171,138377.0,0.036
WINONA,2021-01-27,2021-01-25,2675,27169,50484.0,0.053
WILKIN,2021-01-27,2021-01-25,353,27167,6207.0,0.057
WATONWAN,2021-01-27,2021-01-25,484,27165,10897.0,0.044
WASHINGTON,2021-01-27,2021-01-25,12871,27163,262440.0,0.049
WASECA,2021-01-27,2021-01-25,882,27161,18612.0,0.047
WADENA,2021-01-27,2021-01-25,976,27159,13682.0,0.071
WABASHA,2021-01-27,2021-01-25,1774,27157,21627.0,0.082
UNKNOWN/MISSING,2021-01-27,2021-01-25,597,,,
TRAVERSE,2021-01-27,2021-01-25,343,27155,3259.0,0.105
TODD,2021-01-27,2021-01-25,1380,27153,24664.0,0.056
SWIFT,2021-01-27,2021-01-25,657,27151,9266.0,0.071
STEVENS,2021-01-27,2021-01-25,739,27149,9805.0,0.075
STEELE,2021-01-27,2021-01-25,1497,27147,36649.0,0.041
STEARNS,2021-01-27,2021-01-25,10123,27145,161075.0,0.063
ST. LOUIS,2021-01-27,2021-01-25,15192,27137,199070.0,0.076
SIBLEY,2021-01-27,2021-01-25,660,27143,14865.0,0.044
SHERBURNE,2021-01-27,2021-01-25,2987,27141,97238.0,0.031
SCOTT,2021-01-27,2021-01-25,6435,27139,149013.0,0.043
ROSEAU,2021-01-27,2021-01-25,833,27135,15165.0,0.055
ROCK,2021-01-27,2021-01-25,700,27133,9315.0,0.075
RICE,2021-01-27,2021-01-25,3181,27131,66972.0,0.047
RENVILLE,2021-01-27,2021-01-25,1101,27129,14548.0,0.076
REDWOOD,2021-01-27,2021-01-25,757,27127,15170.0,0.05
RED LAKE,2021-01-27,2021-01-25,277,27125,4055.0,0.068
RAMSEY,2021-01-27,2021-01-25,26539,27123,550321.0,0.048
POPE,2021-01-27,2021-01-25,1020,27121,11249.0,0.091
POLK,2021-01-27,2021-01-25,2046,27119,31364.0,0.065
PIPESTONE,2021-01-27,2021-01-25,330,27117,9126.0,0.036
PINE,2021-01-27,2021-01-25,1146,27115,29579.0,0.039
PENNINGTON,2021-01-27,2021-01-25,963,27113,14119.0,0.068
OTTER TAIL,2021-01-27,2021-01-25,4026,27111,58746.0,0.069
OLMSTED,2021-01-27,2021-01-25,22312,27109,158293.0,0.141
NORMAN,2021-01-27,2021-01-25,674,27107,6375.0,0.106
NOBLES,2021-01-27,2021-01-25,1081,27105,21629.0,0.05
NICOLLET,2021-01-27,2021-01-25,1709,27103,34274.0,0.05
MURRAY,2021-01-27,2021-01-25,499,27101,8194.0,0.061
MOWER,2021-01-27,2021-01-25,1835,27099,40062.0,0.046
MORRISON,2021-01-27,2021-01-25,1590,27097,33386.0,0.048
MILLE LACS,2021-01-27,2021-01-25,1543,27095,26277.0,0.059
MEEKER,2021-01-27,2021-01-25,1081,27093,23222.0,0.047
MCLEOD,2021-01-27,2021-01-25,1861,27085,35893.0,0.052
MARTIN,2021-01-27,2021-01-25,958,27091,19683.0,0.049
MARSHALL,2021-01-27,2021-01-25,649,27089,9336.0,0.07
MAHNOMEN,2021-01-27,2021-01-25,1070,27087,5527.0,0.194
LYON,2021-01-27,2021-01-25,1594,27083,25474.0,0.063
LINCOLN,2021-01-27,2021-01-25,409,27081,5639.0,0.073
LE SUEUR,2021-01-27,2021-01-25,1114,27079,28887.0,0.039
LAKE OF THE WOODS,2021-01-27,2021-01-25,226,27077,3740.0,0.06
LAKE,2021-01-27,2021-01-25,683,27075,10641.0,0.064
LAC QUI PARLE,2021-01-27,2021-01-25,599,27073,6623.0,0.09
KOOCHICHING,2021-01-27,2021-01-25,668,27071,12229.0,0.055
KITTSON,2021-01-27,2021-01-25,414,27069,4298.0,0.096
KANDIYOHI,2021-01-27,2021-01-25,2776,27067,43199.0,0.064
KANABEC,2021-01-27,2021-01-25,729,27065,16337.0,0.045
JACKSON,2021-01-27,2021-01-25,511,27063,9846.0,0.052
ITASCA,2021-01-27,2021-01-25,3012,27061,45130.0,0.067
ISANTI,2021-01-27,2021-01-25,1242,27059,40596.0,0.031
HUBBARD,2021-01-27,2021-01-25,882,27057,21491.0,0.041
HOUSTON,2021-01-27,2021-01-25,1530,27055,18600.0,0.082
HENNEPIN,2021-01-27,2021-01-25,60694,27053,1265843.0,0.048
GRANT,2021-01-27,2021-01-25,433,27051,5972.0,0.073
GOODHUE,2021-01-27,2021-01-25,2645,27049,46340.0,0.057
FREEBORN,2021-01-27,2021-01-25,1305,27047,30281.0,0.043
FILLMORE,2021-01-27,2021-01-25,1937,27045,21067.0,0.092
FARIBAULT,2021-01-27,2021-01-25,689,27043,13653.0,0.05
DOUGLAS,2021-01-27,2021-01-25,3391,27041,38141.0,0.089
DODGE,2021-01-27,2021-01-25,1758,27039,20934.0,0.084
DAKOTA,2021-01-27,2021-01-25,18025,27037,429021.0,0.042
CROW WING,2021-01-27,2021-01-25,4438,27035,65055.0,0.068
COTTONWOOD,2021-01-27,2021-01-25,706,27033,11196.0,0.063
COOK,2021-01-27,2021-01-25,718,27031,5463.0,0.131
CLEARWATER,2021-01-27,2021-01-25,675,27029,8818.0,0.077
CLAY,2021-01-27,2021-01-25,2355,27027,64222.0,0.037
CHISAGO,2021-01-27,2021-01-25,2367,27025,56579.0,0.042
CHIPPEWA,2021-01-27,2021-01-25,929,27023,11800.0,0.079
CASS,2021-01-27,2021-01-25,1508,27021,29779.0,0.051
CARVER,2021-01-27,2021-01-25,4737,27019,105089.0,0.045
CARLTON,2021-01-27,2021-01-25,3052,27017,35871.0,0.085
BROWN,2021-01-27,2021-01-25,1475,27015,25008.0,0.059
BLUE EARTH,2021-01-27,2021-01-25,3541,27013,67653.0,0.052
BIG STONE,2021-01-27,2021-01-25,544,27011,4991.0,0.109
BENTON,2021-01-27,2021-01-25,1650,27009,40889.0,0.04
BELTRAMI,2021-01-27,2021-01-25,2888,27007,47188.0,0.061
BECKER,2021-01-27,2021-01-25,2268,27005,34423.0,0.066
ANOKA,2021-01-27,2021-01-25,12730,27003,356921.0,0.036
AITKIN,2021-01-27,2021-01-25,908,27001,15886.0,0.057
YELLOW MEDICINE,2021-01-28,2021-01-26,1128,27173,9709.0,0.116
WRIGHT,2021-01-28,2021-01-26,5378,27171,138377.0,0.039
WINONA,2021-01-28,2021-01-26,2740,27169,50484.0,0.054
WILKIN,2021-01-28,2021-01-26,546,27167,6207.0,0.088
WATONWAN,2021-01-28,2021-01-26,486,27165,10897.0,0.045
WASHINGTON,2021-01-28,2021-01-26,13647,27163,262440.0,0.052
WASECA,2021-01-28,2021-01-26,898,27161,18612.0,0.048
WADENA,2021-01-28,2021-01-26,1093,27159,13682.0,0.08
WABASHA,2021-01-28,2021-01-26,1905,27157,21627.0,0.088
UNKNOWN/MISSING,2021-01-28,2021-01-26,697,,,
TRAVERSE,2021-01-28,2021-01-26,366,27155,3259.0,0.112
TODD,2021-01-28,2021-01-26,1573,27153,24664.0,0.064
SWIFT,2021-01-28,2021-01-26,683,27151,9266.0,0.074
STEVENS,2021-01-28,2021-01-26,840,27149,9805.0,0.086
STEELE,2021-01-28,2021-01-26,1555,27147,36649.0,0.042
STEARNS,2021-01-28,2021-01-26,10819,27145,161075.0,0.067
ST. LOUIS,2021-01-28,2021-01-26,15861,27137,199070.0,0.08
SIBLEY,2021-01-28,2021-01-26,671,27143,14865.0,0.045
SHERBURNE,2021-01-28,2021-01-26,3100,27141,97238.0,0.032
SCOTT,2021-01-28,2021-01-26,6614,27139,149013.0,0.044
ROSEAU,2021-01-28,2021-01-26,1031,27135,15165.0,0.068
ROCK,2021-01-28,2021-01-26,706,27133,9315.0,0.076
RICE,2021-01-28,2021-01-26,3294,27131,66972.0,0.049
RENVILLE,2021-01-28,2021-01-26,1132,27129,14548.0,0.078
REDWOOD,2021-01-28,2021-01-26,766,27127,15170.0,0.05
RED LAKE,2021-01-28,2021-01-26,301,27125,4055.0,0.074
RAMSEY,2021-01-28,2021-01-26,28148,27123,550321.0,0.051
POPE,2021-01-28,2021-01-26,1098,27121,11249.0,0.098
POLK,2021-01-28,2021-01-26,2528,27119,31364.0,0.081
PIPESTONE,2021-01-28,2021-01-26,330,27117,9126.0,0.036
PINE,2021-01-28,2021-01-26,1366,27115,29579.0,0.046
PENNINGTON,2021-01-28,2021-01-26,983,27113,14119.0,0.07
OTTER TAIL,2021-01-28,2021-01-26,4435,27111,58746.0,0.075
OLMSTED,2021-01-28,2021-01-26,23049,27109,158293.0,0.146
NORMAN,2021-01-28,2021-01-26,722,27107,6375.0,0.113
NOBLES,2021-01-28,2021-01-26,1122,27105,21629.0,0.052
NICOLLET,2021-01-28,2021-01-26,1837,27103,34274.0,0.054
MURRAY,2021-01-28,2021-01-26,501,27101,8194.0,0.061
MOWER,2021-01-28,2021-01-26,1924,27099,40062.0,0.048
MORRISON,2021-01-28,2021-01-26,1841,27097,33386.0,0.055
MILLE LACS,2021-01-28,2021-01-26,1577,27095,26277.0,0.06
MEEKER,2021-01-28,2021-01-26,1138,27093,23222.0,0.049
MCLEOD,2021-01-28,2021-01-26,1945,27085,35893.0,0.054
MARTIN,2021-01-28,2021-01-26,962,27091,19683.0,0.049
MARSHALL,2021-01-28,2021-01-26,721,27089,9336.0,0.077
MAHNOMEN,2021-01-28,2021-01-26,1108,27087,5527.0,0.2
LYON,2021-01-28,2021-01-26,1601,27083,25474.0,0.063
LINCOLN,2021-01-28,2021-01-26,412,27081,5639.0,0.073
LE SUEUR,2021-01-28,2021-01-26,1171,27079,28887.0,0.041
LAKE OF THE WOODS,2021-01-28,2021-01-26,326,27077,3740.0,0.087
LAKE,2021-01-28,2021-01-26,694,27075,10641.0,0.065
LAC QUI PARLE,2021-01-28,2021-01-26,605,27073,6623.0,0.091
KOOCHICHING,2021-01-28,2021-01-26,683,27071,12229.0,0.056
KITTSON,2021-01-28,2021-01-26,430,27069,4298.0,0.1
KANDIYOHI,2021-01-28,2021-01-26,2888,27067,43199.0,0.067
KANABEC,2021-01-28,2021-01-26,890,27065,16337.0,0.054
JACKSON,2021-01-28,2021-01-26,507,27063,9846.0,0.051
ITASCA,2021-01-28,2021-01-26,3251,27061,45130.0,0.072
ISANTI,2021-01-28,2021-01-26,1378,27059,40596.0,0.034
HUBBARD,2021-01-28,2021-01-26,932,27057,21491.0,0.043
HOUSTON,2021-01-28,2021-01-26,1574,27055,18600.0,0.085
HENNEPIN,2021-01-28,2021-01-26,64031,27053,1265843.0,0.051
GRANT,2021-01-28,2021-01-26,531,27051,5972.0,0.089
GOODHUE,2021-01-28,2021-01-26,2698,27049,46340.0,0.058
FREEBORN,2021-01-28,2021-01-26,1317,27047,30281.0,0.043
FILLMORE,2021-01-28,2021-01-26,1978,27045,21067.0,0.094
FARIBAULT,2021-01-28,2021-01-26,706,27043,13653.0,0.052
DOUGLAS,2021-01-28,2021-01-26,3563,27041,38141.0,0.093
DODGE,2021-01-28,2021-01-26,1831,27039,20934.0,0.087
DAKOTA,2021-01-28,2021-01-26,18885,27037,429021.0,0.044
CROW WING,2021-01-28,2021-01-26,4882,27035,65055.0,0.075
COTTONWOOD,2021-01-28,2021-01-26,707,27033,11196.0,0.063
COOK,2021-01-28,2021-01-26,743,27031,5463.0,0.136
CLEARWATER,2021-01-28,2021-01-26,692,27029,8818.0,0.078
CLAY,2021-01-28,2021-01-26,4436,27027,64222.0,0.069
CHISAGO,2021-01-28,2021-01-26,2480,27025,56579.0,0.044
CHIPPEWA,2021-01-28,2021-01-26,936,27023,11800.0,0.079
CASS,2021-01-28,2021-01-26,1704,27021,29779.0,0.057
CARVER,2021-01-28,2021-01-26,4879,27019,105089.0,0.046
CARLTON,2021-01-28,2021-01-26,3106,27017,35871.0,0.087
BROWN,2021-01-28,2021-01-26,1496,27015,25008.0,0.06
BLUE EARTH,2021-01-28,2021-01-26,3884,27013,67653.0,0.057
BIG STONE,2021-01-28,2021-01-26,559,27011,4991.0,0.112
BENTON,2021-01-28,2021-01-26,1765,27009,40889.0,0.043
BELTRAMI,2021-01-28,2021-01-26,3246,27007,47188.0,0.069
BECKER,2021-01-28,2021-01-26,2537,27005,34423.0,0.074
ANOKA,2021-01-28,2021-01-26,13311,27003,356921.0,0.037
AITKIN,2021-01-28,2021-01-26,937,27001,15886.0,0.059
YELLOW MEDICINE,2021-01-29,2021-01-27,1133,27173,9709.0,0.117
WRIGHT,2021-01-29,2021-01-27,5725,27171,138377.0,0.041
WINONA,2021-01-29,2021-01-27,3040,27169,50484.0,0.06
WILKIN,2021-01-29,2021-01-27,576,27167,6207.0,0.093
WATONWAN,2021-01-29,2021-01-27,526,27165,10897.0,0.048
WASHINGTON,2021-01-29,2021-01-27,14632,27163,262440.0,0.056
WASECA,2021-01-29,2021-01-27,999,27161,18612.0,0.054
WADENA,2021-01-29,2021-01-27,1177,27159,13682.0,0.086
WABASHA,2021-01-29,2021-01-27,2007,27157,21627.0,0.093
UNKNOWN/MISSING,2021-01-29,2021-01-27,2184,,,
TRAVERSE,2021-01-29,2021-01-27,382,27155,3259.0,0.117
TODD,2021-01-29,2021-01-27,1805,27153,24664.0,0.073
SWIFT,2021-01-29,2021-01-27,713,27151,9266.0,0.077
STEVENS,2021-01-29,2021-01-27,957,27149,9805.0,0.098
NORMAN,2021-01-29,2021-01-27,728,27107,6375.0,0.114
NOBLES,2021-01-29,2021-01-27,1127,27105,21629.0,0.052
NICOLLET,2021-01-29,2021-01-27,2087,27103,34274.0,0.061
MURRAY,2021-01-29,2021-01-27,532,27101,8194.0,0.065
MOWER,2021-01-29,2021-01-27,2189,27099,40062.0,0.055
MORRISON,2021-01-29,2021-01-27,1987,27097,33386.0,0.06
MILLE LACS,2021-01-29,2021-01-27,1647,27095,26277.0,0.063
MEEKER,2021-01-29,2021-01-27,1204,27093,23222.0,0.052
MCLEOD,2021-01-29,2021-01-27,2177,27085,35893.0,0.061
MARTIN,2021-01-29,2021-01-27,1041,27091,19683.0,0.053
MARSHALL,2021-01-29,2021-01-27,726,27089,9336.0,0.078
MAHNOMEN,2021-01-29,2021-01-27,1114,27087,5527.0,0.202
LYON,2021-01-29,2021-01-27,1670,27083,25474.0,0.066
LINCOLN,2021-01-29,2021-01-27,430,27081,5639.0,0.076
LE SUEUR,2021-01-29,2021-01-27,1286,27079,28887.0,0.045
LAKE OF THE WOODS,2021-01-29,2021-01-27,329,27077,3740.0,0.088
LAKE,2021-01-29,2021-01-27,771,27075,10641.0,0.072
LAC QUI PARLE,2021-01-29,2021-01-27,611,27073,6623.0,0.092
KOOCHICHING,2021-01-29,2021-01-27,769,27071,12229.0,0.063
KITTSON,2021-01-29,2021-01-27,432,27069,4298.0,0.101
KANDIYOHI,2021-01-29,2021-01-27,3067,27067,43199.0,0.071
KANABEC,2021-01-29,2021-01-27,871,27065,16337.0,0.053
JACKSON,2021-01-29,2021-01-27,512,27063,9846.0,0.052
ITASCA,2021-01-29,2021-01-27,3472,27061,45130.0,0.077
ISANTI,2021-01-29,2021-01-27,1471,27059,40596.0,0.036
HUBBARD,2021-01-29,2021-01-27,1097,27057,21491.0,0.051
HOUSTON,2021-01-29,2021-01-27,1848,27055,18600.0,0.099
HENNEPIN,2021-01-29,2021-01-27,67880,27053,1265843.0,0.054
GRANT,2021-01-29,2021-01-27,556,27051,5972.0,0.093
GOODHUE,2021-01-29,2021-01-27,2908,27049,46340.0,0.063
FREEBORN,2021-01-29,2021-01-27,1478,27047,30281.0,0.049
FILLMORE,2021-01-29,2021-01-27,2127,27045,21067.0,0.101
FARIBAULT,2021-01-29,2021-01-27,735,27043,13653.0,0.054
DOUGLAS,2021-01-29,2021-01-27,3845,27041,38141.0,0.101
DODGE,2021-01-29,2021-01-27,1936,27039,20934.0,0.092
DAKOTA,2021-01-29,2021-01-27,20037,27037,429021.0,0.047
CROW WING,2021-01-29,2021-01-27,5427,27035,65055.0,0.083
COTTONWOOD,2021-01-29,2021-01-27,740,27033,11196.0,0.066
COOK,2021-01-29,2021-01-27,897,27031,5463.0,0.164
CLEARWATER,2021-01-29,2021-01-27,738,27029,8818.0,0.084
CLAY,2021-01-29,2021-01-27,4928,27027,64222.0,0.077
CHISAGO,2021-01-29,2021-01-27,2577,27025,56579.0,0.046
CHIPPEWA,2021-01-29,2021-01-27,952,27023,11800.0,0.081
CASS,2021-01-29,2021-01-27,1934,27021,29779.0,0.065
CARVER,2021-01-29,2021-01-27,5211,27019,105089.0,0.05
CARLTON,2021-01-29,2021-01-27,3337,27017,35871.0,0.093
BROWN,2021-01-29,2021-01-27,1508,27015,25008.0,0.06
BLUE EARTH,2021-01-29,2021-01-27,4107,27013,67653.0,0.061
BIG STONE,2021-01-29,2021-01-27,598,27011,4991.0,0.12
BENTON,2021-01-29,2021-01-27,2049,27009,40889.0,0.05
BELTRAMI,2021-01-29,2021-01-27,3729,27007,47188.0,0.079
BECKER,2021-01-29,2021-01-27,2759,27005,34423.0,0.08
ANOKA,2021-01-29,2021-01-27,14140,27003,356921.0,0.04
AITKIN,2021-01-29,2021-01-27,1497,27001,15886.0,0.094
STEELE,2021-01-29,2021-01-27,1767,27147,36649.0,0.048
STEARNS,2021-01-29,2021-01-27,12122,27145,161075.0,0.075
ST. LOUIS,2021-01-29,2021-01-27,17550,27137,199070.0,0.088
SIBLEY,2021-01-29,2021-01-27,686,27143,14865.0,0.046
SHERBURNE,2021-01-29,2021-01-27,3296,27141,97238.0,0.034
SCOTT,2021-01-29,2021-01-27,7043,27139,149013.0,0.047
ROSEAU,2021-01-29,2021-01-27,1031,27135,15165.0,0.068
ROCK,2021-01-29,2021-01-27,710,27133,9315.0,0.076
RICE,2021-01-29,2021-01-27,3519,27131,66972.0,0.053
RENVILLE,2021-01-29,2021-01-27,1167,27129,14548.0,0.08
REDWOOD,2021-01-29,2021-01-27,801,27127,15170.0,0.053
RED LAKE,2021-01-29,2021-01-27,312,27125,4055.0,0.077
RAMSEY,2021-01-29,2021-01-27,29704,27123,550321.0,0.054
POPE,2021-01-29,2021-01-27,1133,27121,11249.0,0.101
POLK,2021-01-29,2021-01-27,2718,27119,31364.0,0.087
PIPESTONE,2021-01-29,2021-01-27,577,27117,9126.0,0.063
PINE,2021-01-29,2021-01-27,1410,27115,29579.0,0.048
PENNINGTON,2021-01-29,2021-01-27,1010,27113,14119.0,0.072
OTTER TAIL,2021-01-29,2021-01-27,4942,27111,58746.0,0.084
OLMSTED,2021-01-29,2021-01-27,24457,27109,158293.0,0.155
YELLOW MEDICINE,2021-01-30,2021-01-28,1256,27173,9709.0,0.129
WRIGHT,2021-01-30,2021-01-28,6735,27171,138377.0,0.049
WINONA,2021-01-30,2021-01-28,3315,27169,50484.0,0.066
WILKIN,2021-01-30,2021-01-28,591,27167,6207.0,0.095
WATONWAN,2021-01-30,2021-01-28,599,27165,10897.0,0.055
WASHINGTON,2021-01-30,2021-01-28,15628,27163,262440.0,0.06
WASECA,2021-01-30,2021-01-28,1167,27161,18612.0,0.063
WADENA,2021-01-30,2021-01-28,1248,27159,13682.0,0.091
WABASHA,2021-01-30,2021-01-28,2270,27157,21627.0,0.105
UNKNOWN/MISSING,2021-01-30,2021-01-28,787,,,
TRAVERSE,2021-01-30,2021-01-28,403,27155,3259.0,0.124
TODD,2021-01-30,2021-01-28,1919,27153,24664.0,0.078
SWIFT,2021-01-30,2021-01-28,842,27151,9266.0,0.091
STEVENS,2021-01-30,2021-01-28,994,27149,9805.0,0.101
STEELE,2021-01-30,2021-01-28,2051,27147,36649.0,0.056
STEARNS,2021-01-30,2021-01-28,14710,27145,161075.0,0.091
ST. LOUIS,2021-01-30,2021-01-28,19134,27137,199070.0,0.096
SIBLEY,2021-01-30,2021-01-28,767,27143,14865.0,0.052
SHERBURNE,2021-01-30,2021-01-28,3792,27141,97238.0,0.039
SCOTT,2021-01-30,2021-01-28,7799,27139,149013.0,0.052
ROSEAU,2021-01-30,2021-01-28,1468,27135,15165.0,0.097
ROCK,2021-01-30,2021-01-28,766,27133,9315.0,0.082
RICE,2021-01-30,2021-01-28,3920,27131,66972.0,0.059
RENVILLE,2021-01-30,2021-01-28,1268,27129,14548.0,0.087
REDWOOD,2021-01-30,2021-01-28,1016,27127,15170.0,0.067
RED LAKE,2021-01-30,2021-01-28,334,27125,4055.0,0.082
RAMSEY,2021-01-30,2021-01-28,32292,27123,550321.0,0.059
POPE,2021-01-30,2021-01-28,1194,27121,11249.0,0.106
POLK,2021-01-30,2021-01-28,2957,27119,31364.0,0.094
PIPESTONE,2021-01-30,2021-01-28,597,27117,9126.0,0.065
PINE,2021-01-30,2021-01-28,1658,27115,29579.0,0.056
PENNINGTON,2021-01-30,2021-01-28,1040,27113,14119.0,0.074
OTTER TAIL,2021-01-30,2021-01-28,5194,27111,58746.0,0.088
OLMSTED,2021-01-30,2021-01-28,26137,27109,158293.0,0.165
NORMAN,2021-01-30,2021-01-28,772,27107,6375.0,0.121
NOBLES,2021-01-30,2021-01-28,1218,27105,21629.0,0.056
NICOLLET,2021-01-30,2021-01-28,2381,27103,34274.0,0.069
MURRAY,2021-01-30,2021-01-28,656,27101,8194.0,0.08
MOWER,2021-01-30,2021-01-28,2469,27099,40062.0,0.062
MORRISON,2021-01-30,2021-01-28,2671,27097,33386.0,0.08
MILLE LACS,2021-01-30,2021-01-28,1963,27095,26277.0,0.075
MEEKER,2021-01-30,2021-01-28,1450,27093,23222.0,0.062
MCLEOD,2021-01-30,2021-01-28,2410,27085,35893.0,0.067
MARTIN,2021-01-30,2021-01-28,1188,27091,19683.0,0.06
MARSHALL,2021-01-30,2021-01-28,737,27089,9336.0,0.079
MAHNOMEN,2021-01-30,2021-01-28,1193,27087,5527.0,0.216
LYON,2021-01-30,2021-01-28,1968,27083,25474.0,0.077
LINCOLN,2021-01-30,2021-01-28,473,27081,5639.0,0.084
LE SUEUR,2021-01-30,2021-01-28,1562,27079,28887.0,0.054
LAKE OF THE WOODS,2021-01-30,2021-01-28,362,27077,3740.0,0.097
LAKE,2021-01-30,2021-01-28,831,27075,10641.0,0.078
LAC QUI PARLE,2021-01-30,2021-01-28,814,27073,6623.0,0.123
KOOCHICHING,2021-01-30,2021-01-28,906,27071,12229.0,0.074
KITTSON,2021-01-30,2021-01-28,439,27069,4298.0,0.102
KANDIYOHI,2021-01-30,2021-01-28,3897,27067,43199.0,0.09
KANABEC,2021-01-30,2021-01-28,960,27065,16337.0,0.059
JACKSON,2021-01-30,2021-01-28,541,27063,9846.0,0.055
ITASCA,2021-01-30,2021-01-28,3762,27061,45130.0,0.083
ISANTI,2021-01-30,2021-01-28,1553,27059,40596.0,0.038
HUBBARD,2021-01-30,2021-01-28,1139,27057,21491.0,0.053
HOUSTON,2021-01-30,2021-01-28,1909,27055,18600.0,0.103
HENNEPIN,2021-01-30,2021-01-28,74978,27053,1265843.0,0.059
GRANT,2021-01-30,2021-01-28,619,27051,5972.0,0.104
GOODHUE,2021-01-30,2021-01-28,3286,27049,46340.0,0.071
FREEBORN,2021-01-30,2021-01-28,1834,27047,30281.0,0.061
FILLMORE,2021-01-30,2021-01-28,2381,27045,21067.0,0.113
FARIBAULT,2021-01-30,2021-01-28,833,27043,13653.0,0.061
DOUGLAS,2021-01-30,2021-01-28,4224,27041,38141.0,0.111
DODGE,2021-01-30,2021-01-28,2080,27039,20934.0,0.099
DAKOTA,2021-01-30,2021-01-28,22026,27037,429021.0,0.051
CROW WING,2021-01-30,2021-01-28,6286,27035,65055.0,0.097
COTTONWOOD,2021-01-30,2021-01-28,882,27033,11196.0,0.079
COOK,2021-01-30,2021-01-28,1109,27031,5463.0,0.203
CLEARWATER,2021-01-30,2021-01-28,770,27029,8818.0,0.087
CLAY,2021-01-30,2021-01-28,5265,27027,64222.0,0.082
CHISAGO,2021-01-30,2021-01-28,2746,27025,56579.0,0.049
CHIPPEWA,2021-01-30,2021-01-28,1043,27023,11800.0,0.088
CASS,2021-01-30,2021-01-28,2199,27021,29779.0,0.074
CARVER,2021-01-30,2021-01-28,5549,27019,105089.0,0.053
CARLTON,2021-01-30,2021-01-28,3654,27017,35871.0,0.102
BROWN,2021-01-30,2021-01-28,1658,27015,25008.0,0.066
BLUE EARTH,2021-01-30,2021-01-28,4403,27013,67653.0,0.065
BIG STONE,2021-01-30,2021-01-28,748,27011,4991.0,0.15
BENTON,2021-01-30,2021-01-28,2505,27009,40889.0,0.061
BELTRAMI,2021-01-30,2021-01-28,4066,27007,47188.0,0.086
BECKER,2021-01-30,2021-01-28,2909,27005,34423.0,0.085
ANOKA,2021-01-30,2021-01-28,15290,27003,356921.0,0.043
AITKIN,2021-01-30,2021-01-28,1789,27001,15886.0,0.113
YELLOW MEDICINE,2021-01-31,2021-01-29,1363,27173,9709.0,0.14
WRIGHT,2021-01-31,2021-01-29,7316,27171,138377.0,0.053
WINONA,2021-01-31,2021-01-29,3665,27169,50484.0,0.073
WILKIN,2021-01-31,2021-01-29,614,27167,6207.0,0.099
WATONWAN,2021-01-31,2021-01-29,649,27165,10897.0,0.06
WASHINGTON,2021-01-31,2021-01-29,17167,27163,262440.0,0.065
WASECA,2021-01-31,2021-01-29,1249,27161,18612.0,0.067
WADENA,2021-01-31,2021-01-29,1300,27159,13682.0,0.095
WABASHA,2021-01-31,2021-01-29,2468,27157,21627.0,0.114
UNKNOWN/MISSING,2021-01-31,2021-01-29,846,,,
TRAVERSE,2021-01-31,2021-01-29,447,27155,3259.0,0.137
TODD,2021-01-31,2021-01-29,2135,27153,24664.0,0.087
SWIFT,2021-01-31,2021-01-29,901,27151,9266.0,0.097
STEVENS,2021-01-31,2021-01-29,1014,27149,9805.0,0.103
STEELE,2021-01-31,2021-01-29,2159,27147,36649.0,0.059
STEARNS,2021-01-31,2021-01-29,16237,27145,161075.0,0.101
ST. LOUIS,2021-01-31,2021-01-29,21021,27137,199070.0,0.106
SIBLEY,2021-01-31,2021-01-29,846,27143,14865.0,0.057
SHERBURNE,2021-01-31,2021-01-29,4140,27141,97238.0,0.043
SCOTT,2021-01-31,2021-01-29,8944,27139,149013.0,0.06
ROSEAU,2021-01-31,2021-01-29,1514,27135,15165.0,0.1
ROCK,2021-01-31,2021-01-29,819,27133,9315.0,0.088
RICE,2021-01-31,2021-01-29,4142,27131,66972.0,0.062
RENVILLE,2021-01-31,2021-01-29,1320,27129,14548.0,0.091
REDWOOD,2021-01-31,2021-01-29,1149,27127,15170.0,0.076
RED LAKE,2021-01-31,2021-01-29,397,27125,4055.0,0.098
RAMSEY,2021-01-31,2021-01-29,35968,27123,550321.0,0.065
POPE,2021-01-31,2021-01-29,1260,27121,11249.0,0.112
POLK,2021-01-31,2021-01-29,3282,27119,31364.0,0.105
PIPESTONE,2021-01-31,2021-01-29,640,27117,9126.0,0.07
PINE,2021-01-31,2021-01-29,1836,27115,29579.0,0.062
PENNINGTON,2021-01-31,2021-01-29,1307,27113,14119.0,0.093
OTTER TAIL,2021-01-31,2021-01-29,5713,27111,58746.0,0.097
OLMSTED,2021-01-31,2021-01-29,27642,27109,158293.0,0.175
NORMAN,2021-01-31,2021-01-29,797,27107,6375.0,0.125
NOBLES,2021-01-31,2021-01-29,1368,27105,21629.0,0.063
NICOLLET,2021-01-31,2021-01-29,2731,27103,34274.0,0.08
MURRAY,2021-01-31,2021-01-29,746,27101,8194.0,0.091
MOWER,2021-01-31,2021-01-29,2689,27099,40062.0,0.067
MORRISON,2021-01-31,2021-01-29,2805,27097,33386.0,0.084
MILLE LACS,2021-01-31,2021-01-29,2080,27095,26277.0,0.079
MEEKER,2021-01-31,2021-01-29,1615,27093,23222.0,0.07
MCLEOD,2021-01-31,2021-01-29,2677,27085,35893.0,0.075
MARTIN,2021-01-31,2021-01-29,1307,27091,19683.0,0.066
MARSHALL,2021-01-31,2021-01-29,819,27089,9336.0,0.088
MAHNOMEN,2021-01-31,2021-01-29,1214,27087,5527.0,0.22
LYON,2021-01-31,2021-01-29,2164,27083,25474.0,0.085
LINCOLN,2021-01-31,2021-01-29,521,27081,5639.0,0.092
LE SUEUR,2021-01-31,2021-01-29,1686,27079,28887.0,0.058
LAKE OF THE WOODS,2021-01-31,2021-01-29,396,27077,3740.0,0.106
LAKE,2021-01-31,2021-01-29,920,27075,10641.0,0.086
LAC QUI PARLE,2021-01-31,2021-01-29,980,27073,6623.0,0.148
KOOCHICHING,2021-01-31,2021-01-29,1089,27071,12229.0,0.089
KITTSON,2021-01-31,2021-01-29,479,27069,4298.0,0.111
KANDIYOHI,2021-01-31,2021-01-29,4369,27067,43199.0,0.101
KANABEC,2021-01-31,2021-01-29,993,27065,16337.0,0.061
JACKSON,2021-01-31,2021-01-29,652,27063,9846.0,0.066
ITASCA,2021-01-31,2021-01-29,4097,27061,45130.0,0.091
ISANTI,2021-01-31,2021-01-29,1943,27059,40596.0,0.048
HUBBARD,2021-01-31,2021-01-29,1325,27057,21491.0,0.062
HOUSTON,2021-01-31,2021-01-29,2046,27055,18600.0,0.11
HENNEPIN,2021-01-31,2021-01-29,83279,27053,1265843.0,0.066
GRANT,2021-01-31,2021-01-29,660,27051,5972.0,0.111
GOODHUE,2021-01-31,2021-01-29,3595,27049,46340.0,0.078
FREEBORN,2021-01-31,2021-01-29,1901,27047,30281.0,0.063
FILLMORE,2021-01-31,2021-01-29,2525,27045,21067.0,0.12
FARIBAULT,2021-01-31,2021-01-29,903,27043,13653.0,0.066
DOUGLAS,2021-01-31,2021-01-29,4567,27041,38141.0,0.12
DODGE,2021-01-31,2021-01-29,2348,27039,20934.0,0.112
DAKOTA,2021-01-31,2021-01-29,24057,27037,429021.0,0.056
CROW WING,2021-01-31,2021-01-29,6967,27035,65055.0,0.107
COTTONWOOD,2021-01-31,2021-01-29,927,27033,11196.0,0.083
COOK,2021-01-31,2021-01-29,1118,27031,5463.0,0.205
CLEARWATER,2021-01-31,2021-01-29,796,27029,8818.0,0.09
CLAY,2021-01-31,2021-01-29,5438,27027,64222.0,0.085
CHISAGO,2021-01-31,2021-01-29,3092,27025,56579.0,0.055
CHIPPEWA,2021-01-31,2021-01-29,1127,27023,11800.0,0.096
CASS,2021-01-31,2021-01-29,2492,27021,29779.0,0.084
CARVER,2021-01-31,2021-01-29,6118,27019,105089.0,0.058
CARLTON,2021-01-31,2021-01-29,4093,27017,35871.0,0.114
BROWN,2021-01-31,2021-01-29,1759,27015,25008.0,0.07
BLUE EARTH,2021-01-31,2021-01-29,4807,27013,67653.0,0.071
BIG STONE,2021-01-31,2021-01-29,860,27011,4991.0,0.172
BENTON,2021-01-31,2021-01-29,2726,27009,40889.0,0.067
BELTRAMI,2021-01-31,2021-01-29,4385,27007,47188.0,0.093
BECKER,2021-01-31,2021-01-29,3101,27005,34423.0,0.09
ANOKA,2021-01-31,2021-01-29,16793,27003,356921.0,0.047
AITKIN,2021-01-31,2021-01-29,1887,27001,15886.0,0.119
YELLOW MEDICINE,2021-02-01,2021-01-30,1403,27173,9709.0,0.145
WRIGHT,2021-02-01,2021-01-30,7650,27171,138377.0,0.055
WINONA,2021-02-01,2021-01-30,3745,27169,50484.0,0.074
WILKIN,2021-02-01,2021-01-30,622,27167,6207.0,0.1
WATONWAN,2021-02-01,2021-01-30,674,27165,10897.0,0.062
WASHINGTON,2021-02-01,2021-01-30,18220,27163,262440.0,0.069
WASECA,2021-02-01,2021-01-30,1275,27161,18612.0,0.069
WADENA,2021-02-01,2021-01-30,1314,27159,13682.0,0.096
WABASHA,2021-02-01,2021-01-30,2503,27157,21627.0,0.116
UNKNOWN/MISSING,2021-02-01,2021-01-30,1626,,,
TRAVERSE,2021-02-01,2021-01-30,457,27155,3259.0,0.14
TODD,2021-02-01,2021-01-30,2166,27153,24664.0,0.088
SWIFT,2021-02-01,2021-01-30,930,27151,9266.0,0.1
STEVENS,2021-02-01,2021-01-30,1034,27149,9805.0,0.105
STEELE,2021-02-01,2021-01-30,2201,27147,36649.0,0.06
STEARNS,2021-02-01,2021-01-30,17202,27145,161075.0,0.107
ST. LOUIS,2021-02-01,2021-01-30,22792,27137,199070.0,0.114
SIBLEY,2021-02-01,2021-01-30,865,27143,14865.0,0.058
SHERBURNE,2021-02-01,2021-01-30,4257,27141,97238.0,0.044
SCOTT,2021-02-01,2021-01-30,9346,27139,149013.0,0.063
ROSEAU,2021-02-01,2021-01-30,1556,27135,15165.0,0.103
ROCK,2021-02-01,2021-01-30,833,27133,9315.0,0.089
RICE,2021-02-01,2021-01-30,4252,27131,66972.0,0.063
RENVILLE,2021-02-01,2021-01-30,1349,27129,14548.0,0.093
REDWOOD,2021-02-01,2021-01-30,1203,27127,15170.0,0.079
RED LAKE,2021-02-01,2021-01-30,425,27125,4055.0,0.105
RAMSEY,2021-02-01,2021-01-30,37866,27123,550321.0,0.069
POPE,2021-02-01,2021-01-30,1273,27121,11249.0,0.113
POLK,2021-02-01,2021-01-30,3461,27119,31364.0,0.11
PIPESTONE,2021-02-01,2021-01-30,671,27117,9126.0,0.074
PINE,2021-02-01,2021-01-30,1973,27115,29579.0,0.067
PENNINGTON,2021-02-01,2021-01-30,1465,27113,14119.0,0.104
OTTER TAIL,2021-02-01,2021-01-30,6332,27111,58746.0,0.108
OLMSTED,2021-02-01,2021-01-30,28090,27109,158293.0,0.177
NORMAN,2021-02-01,2021-01-30,823,27107,6375.0,0.129
NOBLES,2021-02-01,2021-01-30,1411,27105,21629.0,0.065
NICOLLET,2021-02-01,2021-01-30,3139,27103,34274.0,0.092
MURRAY,2021-02-01,2021-01-30,780,27101,8194.0,0.095
MOWER,2021-02-01,2021-01-30,2764,27099,40062.0,0.069
MORRISON,2021-02-01,2021-01-30,2932,27097,33386.0,0.088
MILLE LACS,2021-02-01,2021-01-30,2121,27095,26277.0,0.081
MEEKER,2021-02-01,2021-01-30,1659,27093,23222.0,0.071
MCLEOD,2021-02-01,2021-01-30,2729,27085,35893.0,0.076
MARTIN,2021-02-01,2021-01-30,1375,27091,19683.0,0.07
MARSHALL,2021-02-01,2021-01-30,873,27089,9336.0,0.094
MAHNOMEN,2021-02-01,2021-01-30,1349,27087,5527.0,0.244
LYON,2021-02-01,2021-01-30,2319,27083,25474.0,0.091
LINCOLN,2021-02-01,2021-01-30,543,27081,5639.0,0.096
LE SUEUR,2021-02-01,2021-01-30,1727,27079,28887.0,0.06
LAKE OF THE WOODS,2021-02-01,2021-01-30,408,27077,3740.0,0.109
LAKE,2021-02-01,2021-01-30,1028,27075,10641.0,0.097
LAC QUI PARLE,2021-02-01,2021-01-30,998,27073,6623.0,0.151
KOOCHICHING,2021-02-01,2021-01-30,1176,27071,12229.0,0.096
KITTSON,2021-02-01,2021-01-30,602,27069,4298.0,0.14
KANDIYOHI,2021-02-01,2021-01-30,4434,27067,43199.0,0.103
KANABEC,2021-02-01,2021-01-30,1205,27065,16337.0,0.074
JACKSON,2021-02-01,2021-01-30,675,27063,9846.0,0.069
ITASCA,2021-02-01,2021-01-30,4195,27061,45130.0,0.093
ISANTI,2021-02-01,2021-01-30,2034,27059,40596.0,0.05
HUBBARD,2021-02-01,2021-01-30,1407,27057,21491.0,0.065
HOUSTON,2021-02-01,2021-01-30,2076,27055,18600.0,0.112
HENNEPIN,2021-02-01,2021-01-30,89292,27053,1265843.0,0.071
GRANT,2021-02-01,2021-01-30,688,27051,5972.0,0.115
GOODHUE,2021-02-01,2021-01-30,3642,27049,46340.0,0.079
FREEBORN,2021-02-01,2021-01-30,2018,27047,30281.0,0.067
FILLMORE,2021-02-01,2021-01-30,2556,27045,21067.0,0.121
FARIBAULT,2021-02-01,2021-01-30,937,27043,13653.0,0.069
DOUGLAS,2021-02-01,2021-01-30,4674,27041,38141.0,0.123
DODGE,2021-02-01,2021-01-30,2394,27039,20934.0,0.114
DAKOTA,2021-02-01,2021-01-30,25651,27037,429021.0,0.06
CROW WING,2021-02-01,2021-01-30,7049,27035,65055.0,0.108
COTTONWOOD,2021-02-01,2021-01-30,956,27033,11196.0,0.085
COOK,2021-02-01,2021-01-30,1124,27031,5463.0,0.206
CLEARWATER,2021-02-01,2021-01-30,825,27029,8818.0,0.094
CLAY,2021-02-01,2021-01-30,5565,27027,64222.0,0.087
CHISAGO,2021-02-01,2021-01-30,3249,27025,56579.0,0.057
CHIPPEWA,2021-02-01,2021-01-30,1161,27023,11800.0,0.098
CASS,2021-02-01,2021-01-30,2578,27021,29779.0,0.087
CARVER,2021-02-01,2021-01-30,6434,27019,105089.0,0.061
CARLTON,2021-02-01,2021-01-30,4618,27017,35871.0,0.129
BROWN,2021-02-01,2021-01-30,1937,27015,25008.0,0.077
BLUE EARTH,2021-02-01,2021-01-30,5246,27013,67653.0,0.078
BIG STONE,2021-02-01,2021-01-30,873,27011,4991.0,0.175
BENTON,2021-02-01,2021-01-30,2902,27009,40889.0,0.071
BELTRAMI,2021-02-01,2021-01-30,4565,27007,47188.0,0.097
BECKER,2021-02-01,2021-01-30,3438,27005,34423.0,0.1
ANOKA,2021-02-01,2021-01-30,17824,27003,356921.0,0.05
AITKIN,2021-02-01,2021-01-30,1913,27001,15886.0,0.12
MCLEOD,2021-02-02,2021-01-31,2735,27085,35893.0,0.076
MARTIN,2021-02-02,2021-01-31,1376,27091,19683.0,0.07
MARSHALL,2021-02-02,2021-01-31,868,27089,9336.0,0.093
MAHNOMEN,2021-02-02,2021-01-31,1354,27087,5527.0,0.245
LYON,2021-02-02,2021-01-31,2327,27083,25474.0,0.091
LINCOLN,2021-02-02,2021-01-31,543,27081,5639.0,0.096
LE SUEUR,2021-02-02,2021-01-31,1730,27079,28887.0,0.06
LAKE OF THE WOODS,2021-02-02,2021-01-31,408,27077,3740.0,0.109
LAKE,2021-02-02,2021-01-31,1040,27075,10641.0,0.098
LAC QUI PARLE,2021-02-02,2021-01-31,999,27073,6623.0,0.151
KOOCHICHING,2021-02-02,2021-01-31,1175,27071,12229.0,0.096
KITTSON,2021-02-02,2021-01-31,604,27069,4298.0,0.141
KANDIYOHI,2021-02-02,2021-01-31,4436,27067,43199.0,0.103
KANABEC,2021-02-02,2021-01-31,1207,27065,16337.0,0.074
JACKSON,2021-02-02,2021-01-31,675,27063,9846.0,0.069
ITASCA,2021-02-02,2021-01-31,4215,27061,45130.0,0.093
ISANTI,2021-02-02,2021-01-31,2045,27059,40596.0,0.05
HUBBARD,2021-02-02,2021-01-31,1404,27057,21491.0,0.065
HOUSTON,2021-02-02,2021-01-31,2076,27055,18600.0,0.112
HENNEPIN,2021-02-02,2021-01-31,91221,27053,1265843.0,0.072
GRANT,2021-02-02,2021-01-31,688,27051,5972.0,0.115
GOODHUE,2021-02-02,2021-01-31,3716,27049,46340.0,0.08
FREEBORN,2021-02-02,2021-01-31,2026,27047,30281.0,0.067
FILLMORE,2021-02-02,2021-01-31,2557,27045,21067.0,0.121
FARIBAULT,2021-02-02,2021-01-31,933,27043,13653.0,0.068
DOUGLAS,2021-02-02,2021-01-31,4678,27041,38141.0,0.123
DODGE,2021-02-02,2021-01-31,2398,27039,20934.0,0.115
DAKOTA,2021-02-02,2021-01-31,26406,27037,429021.0,0.062
CROW WING,2021-02-02,2021-01-31,7060,27035,65055.0,0.109
COTTONWOOD,2021-02-02,2021-01-31,955,27033,11196.0,0.085
COOK,2021-02-02,2021-01-31,1125,27031,5463.0,0.206
CLEARWATER,2021-02-02,2021-01-31,827,27029,8818.0,0.094
CLAY,2021-02-02,2021-01-31,5564,27027,64222.0,0.087
CHISAGO,2021-02-02,2021-01-31,3317,27025,56579.0,0.059
CHIPPEWA,2021-02-02,2021-01-31,1164,27023,11800.0,0.099
CASS,2021-02-02,2021-01-31,2594,27021,29779.0,0.087
CARVER,2021-02-02,2021-01-31,6544,27019,105089.0,0.062
CARLTON,2021-02-02,2021-01-31,4659,27017,35871.0,0.13
BROWN,2021-02-02,2021-01-31,1969,27015,25008.0,0.079
BLUE EARTH,2021-02-02,2021-01-31,5238,27013,67653.0,0.077
BIG STONE,2021-02-02,2021-01-31,873,27011,4991.0,0.175
BENTON,2021-02-02,2021-01-31,2907,27009,40889.0,0.071
BELTRAMI,2021-02-02,2021-01-31,4558,27007,47188.0,0.097
BECKER,2021-02-02,2021-01-31,3436,27005,34423.0,0.1
ANOKA,2021-02-02,2021-01-31,18137,27003,356921.0,0.051
AITKIN,2021-02-02,2021-01-31,1916,27001,15886.0,0.121
YELLOW MEDICINE,2021-02-02,2021-01-31,1403,27173,9709.0,0.145
WRIGHT,2021-02-02,2021-01-31,7722,27171,138377.0,0.056
WINONA,2021-02-02,2021-01-31,3758,27169,50484.0,0.074
WILKIN,2021-02-02,2021-01-31,623,27167,6207.0,0.1
WATONWAN,2021-02-02,2021-01-31,676,27165,10897.0,0.062
WASHINGTON,2021-02-02,2021-01-31,18593,27163,262440.0,0.071
WASECA,2021-02-02,2021-01-31,1278,27161,18612.0,0.069
WADENA,2021-02-02,2021-01-31,1317,27159,13682.0,0.096
WABASHA,2021-02-02,2021-01-31,2507,27157,21627.0,0.116
UNKNOWN/MISSING,2021-02-02,2021-01-31,1394,,,
TRAVERSE,2021-02-02,2021-01-31,457,27155,3259.0,0.14
TODD,2021-02-02,2021-01-31,2163,27153,24664.0,0.088
SWIFT,2021-02-02,2021-01-31,941,27151,9266.0,0.102
STEVENS,2021-02-02,2021-01-31,1035,27149,9805.0,0.106
STEELE,2021-02-02,2021-01-31,2219,27147,36649.0,0.061
STEARNS,2021-02-02,2021-01-31,17247,27145,161075.0,0.107
ST. LOUIS,2021-02-02,2021-01-31,23012,27137,199070.0,0.116
SIBLEY,2021-02-02,2021-01-31,869,27143,14865.0,0.058
SHERBURNE,2021-02-02,2021-01-31,4327,27141,97238.0,0.044
SCOTT,2021-02-02,2021-01-31,9587,27139,149013.0,0.064
ROSEAU,2021-02-02,2021-01-31,1559,27135,15165.0,0.103
ROCK,2021-02-02,2021-01-31,834,27133,9315.0,0.09
RICE,2021-02-02,2021-01-31,4279,27131,66972.0,0.064
RENVILLE,2021-02-02,2021-01-31,1349,27129,14548.0,0.093
REDWOOD,2021-02-02,2021-01-31,1215,27127,15170.0,0.08
RED LAKE,2021-02-02,2021-01-31,427,27125,4055.0,0.105
RAMSEY,2021-02-02,2021-01-31,38899,27123,550321.0,0.071
POPE,2021-02-02,2021-01-31,1273,27121,11249.0,0.113
POLK,2021-02-02,2021-01-31,3459,27119,31364.0,0.11
PIPESTONE,2021-02-02,2021-01-31,671,27117,9126.0,0.074
PINE,2021-02-02,2021-01-31,1976,27115,29579.0,0.067
PENNINGTON,2021-02-02,2021-01-31,1467,27113,14119.0,0.104
OTTER TAIL,2021-02-02,2021-01-31,6335,27111,58746.0,0.108
OLMSTED,2021-02-02,2021-01-31,28281,27109,158293.0,0.179
NORMAN,2021-02-02,2021-01-31,750,27107,6375.0,0.118
NOBLES,2021-02-02,2021-01-31,1412,27105,21629.0,0.065
NICOLLET,2021-02-02,2021-01-31,3159,27103,34274.0,0.092
MURRAY,2021-02-02,2021-01-31,779,27101,8194.0,0.095
MOWER,2021-02-02,2021-01-31,2874,27099,40062.0,0.072
MORRISON,2021-02-02,2021-01-31,2968,27097,33386.0,0.089
MILLE LACS,2021-02-02,2021-01-31,2174,27095,26277.0,0.083
MEEKER,2021-02-02,2021-01-31,1659,27093,23222.0,0.071
YELLOW MEDICINE,2021-02-03,2021-02-01,1470,27173,9709.0,0.151
WRIGHT,2021-02-03,2021-02-01,7862,27171,138377.0,0.057
WINONA,2021-02-03,2021-02-01,3840,27169,50484.0,0.076
WILKIN,2021-02-03,2021-02-01,623,27167,6207.0,0.1
WATONWAN,2021-02-03,2021-02-01,680,27165,10897.0,0.062
WASHINGTON,2021-02-03,2021-02-01,19210,27163,262440.0,0.073
WASECA,2021-02-03,2021-02-01,1308,27161,18612.0,0.07
WADENA,2021-02-03,2021-02-01,1318,27159,13682.0,0.096
WABASHA,2021-02-03,2021-02-01,2536,27157,21627.0,0.117
UNKNOWN/MISSING,2021-02-03,2021-02-01,1987,,,
TRAVERSE,2021-02-03,2021-02-01,459,27155,3259.0,0.141
TODD,2021-02-03,2021-02-01,2182,27153,24664.0,0.088
SWIFT,2021-02-03,2021-02-01,946,27151,9266.0,0.102
STEVENS,2021-02-03,2021-02-01,1034,27149,9805.0,0.105
STEELE,2021-02-03,2021-02-01,2288,27147,36649.0,0.062
STEARNS,2021-02-03,2021-02-01,17383,27145,161075.0,0.108
ST. LOUIS,2021-02-03,2021-02-01,23507,27137,199070.0,0.118
SIBLEY,2021-02-03,2021-02-01,873,27143,14865.0,0.059
SHERBURNE,2021-02-03,2021-02-01,4406,27141,97238.0,0.045
SCOTT,2021-02-03,2021-02-01,9780,27139,149013.0,0.066
ROSEAU,2021-02-03,2021-02-01,1559,27135,15165.0,0.103
ROCK,2021-02-03,2021-02-01,837,27133,9315.0,0.09
RICE,2021-02-03,2021-02-01,4311,27131,66972.0,0.064
RENVILLE,2021-02-03,2021-02-01,1359,27129,14548.0,0.093
REDWOOD,2021-02-03,2021-02-01,1219,27127,15170.0,0.08
RED LAKE,2021-02-03,2021-02-01,427,27125,4055.0,0.105
RAMSEY,2021-02-03,2021-02-01,40112,27123,550321.0,0.073
POPE,2021-02-03,2021-02-01,1272,27121,11249.0,0.113
POLK,2021-02-03,2021-02-01,3461,27119,31364.0,0.11
PIPESTONE,2021-02-03,2021-02-01,672,27117,9126.0,0.074
PINE,2021-02-03,2021-02-01,2041,27115,29579.0,0.069
PENNINGTON,2021-02-03,2021-02-01,1512,27113,14119.0,0.107
OTTER TAIL,2021-02-03,2021-02-01,6343,27111,58746.0,0.108
OLMSTED,2021-02-03,2021-02-01,28763,27109,158293.0,0.182
NORMAN,2021-02-03,2021-02-01,831,27107,6375.0,0.13
NOBLES,2021-02-03,2021-02-01,1478,27105,21629.0,0.068
NICOLLET,2021-02-03,2021-02-01,3223,27103,34274.0,0.094
MURRAY,2021-02-03,2021-02-01,781,27101,8194.0,0.095
MOWER,2021-02-03,2021-02-01,2885,27099,40062.0,0.072
MORRISON,2021-02-03,2021-02-01,3059,27097,33386.0,0.092
MILLE LACS,2021-02-03,2021-02-01,2272,27095,26277.0,0.086
MEEKER,2021-02-03,2021-02-01,1676,27093,23222.0,0.072
MCLEOD,2021-02-03,2021-02-01,2753,27085,35893.0,0.077
MARTIN,2021-02-03,2021-02-01,1379,27091,19683.0,0.07
MARSHALL,2021-02-03,2021-02-01,869,27089,9336.0,0.093
MAHNOMEN,2021-02-03,2021-02-01,1354,27087,5527.0,0.245
LYON,2021-02-03,2021-02-01,2338,27083,25474.0,0.092
LINCOLN,2021-02-03,2021-02-01,543,27081,5639.0,0.096
LE SUEUR,2021-02-03,2021-02-01,1741,27079,28887.0,0.06
LAKE OF THE WOODS,2021-02-03,2021-02-01,408,27077,3740.0,0.109
LAKE,2021-02-03,2021-02-01,1066,27075,10641.0,0.1
LAC QUI PARLE,2021-02-03,2021-02-01,1012,27073,6623.0,0.153
KOOCHICHING,2021-02-03,2021-02-01,1195,27071,12229.0,0.098
KITTSON,2021-02-03,2021-02-01,604,27069,4298.0,0.141
KANDIYOHI,2021-02-03,2021-02-01,4400,27067,43199.0,0.102
KANABEC,2021-02-03,2021-02-01,1226,27065,16337.0,0.075
JACKSON,2021-02-03,2021-02-01,681,27063,9846.0,0.069
ITASCA,2021-02-03,2021-02-01,4291,27061,45130.0,0.095
ISANTI,2021-02-03,2021-02-01,2057,27059,40596.0,0.051
HUBBARD,2021-02-03,2021-02-01,1409,27057,21491.0,0.066
HOUSTON,2021-02-03,2021-02-01,2111,27055,18600.0,0.113
HENNEPIN,2021-02-03,2021-02-01,94644,27053,1265843.0,0.075
GRANT,2021-02-03,2021-02-01,696,27051,5972.0,0.117
GOODHUE,2021-02-03,2021-02-01,3791,27049,46340.0,0.082
FREEBORN,2021-02-03,2021-02-01,2041,27047,30281.0,0.067
FILLMORE,2021-02-03,2021-02-01,2589,27045,21067.0,0.123
FARIBAULT,2021-02-03,2021-02-01,957,27043,13653.0,0.07
DOUGLAS,2021-02-03,2021-02-01,4658,27041,38141.0,0.122
DODGE,2021-02-03,2021-02-01,2444,27039,20934.0,0.117
DAKOTA,2021-02-03,2021-02-01,27071,27037,429021.0,0.063
CROW WING,2021-02-03,2021-02-01,7357,27035,65055.0,0.113
COTTONWOOD,2021-02-03,2021-02-01,955,27033,11196.0,0.085
COOK,2021-02-03,2021-02-01,1127,27031,5463.0,0.206
CLEARWATER,2021-02-03,2021-02-01,816,27029,8818.0,0.093
CLAY,2021-02-03,2021-02-01,5573,27027,64222.0,0.087
CHISAGO,2021-02-03,2021-02-01,3394,27025,56579.0,0.06
CHIPPEWA,2021-02-03,2021-02-01,1178,27023,11800.0,0.1
CASS,2021-02-03,2021-02-01,2743,27021,29779.0,0.092
CARVER,2021-02-03,2021-02-01,6592,27019,105089.0,0.063
CARLTON,2021-02-03,2021-02-01,4747,27017,35871.0,0.132
BROWN,2021-02-03,2021-02-01,1971,27015,25008.0,0.079
BLUE EARTH,2021-02-03,2021-02-01,5429,27013,67653.0,0.08
BIG STONE,2021-02-03,2021-02-01,943,27011,4991.0,0.189
BENTON,2021-02-03,2021-02-01,2938,27009,40889.0,0.072
BELTRAMI,2021-02-03,2021-02-01,4572,27007,47188.0,0.097
BECKER,2021-02-03,2021-02-01,3438,27005,34423.0,0.1
ANOKA,2021-02-03,2021-02-01,18768,27003,356921.0,0.053
AITKIN,2021-02-03,2021-02-01,1997,27001,15886.0,0.126
YELLOW MEDICINE,2021-02-04,2021-02-02,1540,27173,9709.0,0.159
WRIGHT,2021-02-04,2021-02-02,8269,27171,138377.0,0.06
WINONA,2021-02-04,2021-02-02,3963,27169,50484.0,0.079
WILKIN,2021-02-04,2021-02-02,622,27167,6207.0,0.1
WATONWAN,2021-02-04,2021-02-02,694,27165,10897.0,0.064
WASHINGTON,2021-02-04,2021-02-02,20273,27163,262440.0,0.077
WASECA,2021-02-04,2021-02-02,1289,27161,18612.0,0.069
WADENA,2021-02-04,2021-02-02,1337,27159,13682.0,0.098
WABASHA,2021-02-04,2021-02-02,2573,27157,21627.0,0.119
UNKNOWN/MISSING,2021-02-04,2021-02-02,1006,,,
TRAVERSE,2021-02-04,2021-02-02,494,27155,3259.0,0.152
TODD,2021-02-04,2021-02-02,2273,27153,24664.0,0.092
SWIFT,2021-02-04,2021-02-02,1005,27151,9266.0,0.108
STEVENS,2021-02-04,2021-02-02,1042,27149,9805.0,0.106
STEELE,2021-02-04,2021-02-02,2320,27147,36649.0,0.063
STEARNS,2021-02-04,2021-02-02,18115,27145,161075.0,0.112
ST. LOUIS,2021-02-04,2021-02-02,24519,27137,199070.0,0.123
SIBLEY,2021-02-04,2021-02-02,889,27143,14865.0,0.06
SHERBURNE,2021-02-04,2021-02-02,4543,27141,97238.0,0.047
SCOTT,2021-02-04,2021-02-02,10031,27139,149013.0,0.067
ROSEAU,2021-02-04,2021-02-02,1559,27135,15165.0,0.103
ROCK,2021-02-04,2021-02-02,837,27133,9315.0,0.09
RICE,2021-02-04,2021-02-02,4359,27131,66972.0,0.065
RENVILLE,2021-02-04,2021-02-02,1380,27129,14548.0,0.095
REDWOOD,2021-02-04,2021-02-02,1229,27127,15170.0,0.081
RED LAKE,2021-02-04,2021-02-02,433,27125,4055.0,0.107
RAMSEY,2021-02-04,2021-02-02,42327,27123,550321.0,0.077
POPE,2021-02-04,2021-02-02,1314,27121,11249.0,0.117
POLK,2021-02-04,2021-02-02,3565,27119,31364.0,0.114
PIPESTONE,2021-02-04,2021-02-02,676,27117,9126.0,0.074
PINE,2021-02-04,2021-02-02,2125,27115,29579.0,0.072
PENNINGTON,2021-02-04,2021-02-02,1513,27113,14119.0,0.107
OTTER TAIL,2021-02-04,2021-02-02,6440,27111,58746.0,0.11
OLMSTED,2021-02-04,2021-02-02,29245,27109,158293.0,0.185
NORMAN,2021-02-04,2021-02-02,848,27107,6375.0,0.133
NOBLES,2021-02-04,2021-02-02,1511,27105,21629.0,0.07
NICOLLET,2021-02-04,2021-02-02,3256,27103,34274.0,0.095
MURRAY,2021-02-04,2021-02-02,780,27101,8194.0,0.095
MOWER,2021-02-04,2021-02-02,2898,27099,40062.0,0.072
MORRISON,2021-02-04,2021-02-02,3146,27097,33386.0,0.094
MILLE LACS,2021-02-04,2021-02-02,2323,27095,26277.0,0.088
MEEKER,2021-02-04,2021-02-02,1714,27093,23222.0,0.074
MCLEOD,2021-02-04,2021-02-02,2871,27085,35893.0,0.08
MARTIN,2021-02-04,2021-02-02,1405,27091,19683.0,0.071
MARSHALL,2021-02-04,2021-02-02,873,27089,9336.0,0.094
MAHNOMEN,2021-02-04,2021-02-02,1423,27087,5527.0,0.257
LYON,2021-02-04,2021-02-02,2346,27083,25474.0,0.092
LINCOLN,2021-02-04,2021-02-02,542,27081,5639.0,0.096
LE SUEUR,2021-02-04,2021-02-02,1765,27079,28887.0,0.061
LAKE OF THE WOODS,2021-02-04,2021-02-02,411,27077,3740.0,0.11
LAKE,2021-02-04,2021-02-02,1270,27075,10641.0,0.119
LAC QUI PARLE,2021-02-04,2021-02-02,1074,27073,6623.0,0.162
KOOCHICHING,2021-02-04,2021-02-02,1208,27071,12229.0,0.099
KITTSON,2021-02-04,2021-02-02,605,27069,4298.0,0.141
KANDIYOHI,2021-02-04,2021-02-02,4504,27067,43199.0,0.104
KANABEC,2021-02-04,2021-02-02,1244,27065,16337.0,0.076
JACKSON,2021-02-04,2021-02-02,683,27063,9846.0,0.069
ITASCA,2021-02-04,2021-02-02,4502,27061,45130.0,0.1
ISANTI,2021-02-04,2021-02-02,2116,27059,40596.0,0.052
HUBBARD,2021-02-04,2021-02-02,1448,27057,21491.0,0.067
HOUSTON,2021-02-04,2021-02-02,2096,27055,18600.0,0.113
HENNEPIN,2021-02-04,2021-02-02,99442,27053,1265843.0,0.079
GRANT,2021-02-04,2021-02-02,787,27051,5972.0,0.132
GOODHUE,2021-02-04,2021-02-02,3964,27049,46340.0,0.086
FREEBORN,2021-02-04,2021-02-02,2060,27047,30281.0,0.068
FILLMORE,2021-02-04,2021-02-02,2605,27045,21067.0,0.124
FARIBAULT,2021-02-04,2021-02-02,966,27043,13653.0,0.071
DOUGLAS,2021-02-04,2021-02-02,4795,27041,38141.0,0.126
DODGE,2021-02-04,2021-02-02,2501,27039,20934.0,0.119
DAKOTA,2021-02-04,2021-02-02,28281,27037,429021.0,0.066
CROW WING,2021-02-04,2021-02-02,7424,27035,65055.0,0.114
COTTONWOOD,2021-02-04,2021-02-02,959,27033,11196.0,0.086
COOK,2021-02-04,2021-02-02,1130,27031,5463.0,0.207
CLEARWATER,2021-02-04,2021-02-02,880,27029,8818.0,0.1
CLAY,2021-02-04,2021-02-02,5685,27027,64222.0,0.089
CHISAGO,2021-02-04,2021-02-02,3524,27025,56579.0,0.062
CHIPPEWA,2021-02-04,2021-02-02,1221,27023,11800.0,0.103
CASS,2021-02-04,2021-02-02,2835,27021,29779.0,0.095
CARVER,2021-02-04,2021-02-02,6739,27019,105089.0,0.064
CARLTON,2021-02-04,2021-02-02,4899,27017,35871.0,0.137
BROWN,2021-02-04,2021-02-02,1991,27015,25008.0,0.08
BLUE EARTH,2021-02-04,2021-02-02,5559,27013,67653.0,0.082
BIG STONE,2021-02-04,2021-02-02,952,27011,4991.0,0.191
BENTON,2021-02-04,2021-02-02,3150,27009,40889.0,0.077
BELTRAMI,2021-02-04,2021-02-02,4742,27007,47188.0,0.1
BECKER,2021-02-04,2021-02-02,3483,27005,34423.0,0.101
ANOKA,2021-02-04,2021-02-02,19861,27003,356921.0,0.056
AITKIN,2021-02-04,2021-02-02,2104,27001,15886.0,0.132
