released_date,asof_date,admin_total,admin_pfizer,admin_moderna,admin_jj,admin_unknown,admin_people_total,admin_people_completed_total,shipped_pfizer_total,shipped_moderna_total,shipped_jj_total,shipped_pfizer_mn_providers,shipped_moderna_mn_providers,shipped_jj_mn_providers,shipped_pfizer_cdc_ltc,shipped_moderna_cdc_ltc,shipped_jj_cdc_ltc,providers,shipped_combined,admin_total_daily,admin_pfizer_daily,admin_moderna_daily,admin_jj_daily,admin_people_total_daily,admin_people_completed_total_daily,shipped_combined_daily,shipped_pfizer_daily,shipped_moderna_daily,shipped_jj_daily,admin_total_daily_rolling,admin_pfizer_daily_rolling,admin_moderna_daily_rolling,admin_jj_daily_rolling,admin_people_total_daily_rolling,admin_people_completed_total_daily_rolling,shipped_combined_daily_rolling,shipped_pfizer_daily_rolling,shipped_moderna_daily_rolling,shipped_jj_daily_rolling,admin_total_weekly,admin_pfizer_weekly,admin_moderna_weekly,admin_jj_weekly,admin_people_total_weekly,admin_people_completed_total_weekly,shipped_combined_weekly,shipped_pfizer_weekly,shipped_moderna_weekly,shipped_jj_weekly,admin_doses_total_per_cap,admin_people_total_per_cap,admin_people_completed_total_per_cap,pct_of_shipped_admin_pct,shipped_people_covered_pct
2021-01-04,0,78402,67425,10930,0,47,0,0,0,0,0,0,0,0,0.0,0,0,0,0,0,0,0,0,0,0,0,0,0,0,0,0,0,0,0,0,0,0,0,0,0,0,0,0,0,0,0,0,0,0,0.014,0.0,0.0,0.0,0.0
2021-01-05,0,80857,67672,13138,0,47,0,0,0,0,0,0,0,0,0.0,0,0,0,0,2455,247,2208,0,0,0,0,0,0,0,0,0,0,0,0,0,0,0,0,0,0,0,0,0,0,0,0,0,0,0,0.015,0.0,0.0,0.0,0.0
2021-01-06,0,81167,67869,13251,0,47,0,0,0,0,0,0,0,0,0.0,0,0,0,0,310,197,113,0,0,0,0,0,0,0,0,0,0,0,0,0,0,0,0,0,0,0,0,0,0,0,0,0,0,0,0.015,0.0,0.0,0.0,0.0
2021-01-07,0,91174,74191,16935,0,48,0,0,0,0,0,0,0,0,0.0,0,0,0,0,10007,6322,3684,0,0,0,0,0,0,0,0,0,0,0,0,0,0,0,0,0,0,0,0,0,0,0,0,0,0,0,0.016,0.0,0.0,0.0,0.0
2021-01-08,0,104226,83369,20808,0,49,0,0,0,0,0,0,0,0,0.0,0,0,0,0,13052,9178,3873,0,0,0,0,0,0,0,0,0,0,0,0,0,0,0,0,0,0,0,0,0,0,0,0,0,0,0,0.019,0.0,0.0,0.0,0.0
2021-01-09,0,119744,93758,25932,0,54,0,0,0,0,0,0,0,0,0.0,0,0,0,0,15518,10389,5124,0,0,0,0,0,0,0,0,0,0,0,0,0,0,0,0,0,0,0,0,0,0,0,0,0,0,0,0.022,0.0,0.0,0.0,0.0
2021-01-10,0,132280,101767,30457,0,56,0,0,0,0,0,0,0,0,0.0,0,0,0,0,12536,8009,4525,0,0,0,0,0,0,0,0,0,0,0,0,0,0,0,0,0,0,0,0,0,0,0,0,0,0,0,0.024,0.0,0.0,0.0,0.0
2021-01-11,0,147645,111468,36120,0,57,0,0,0,0,0,0,0,0,0.0,0,0,0,0,15365,9701,5663,0,0,0,0,0,0,0,9892,6292,3599,0,0,0,0,0,0,0,69243,44043,25190,0,0,0,0,0,0,0,0.027,0.0,0.0,0.0,0.0
2021-01-12,0,152849,113114,39678,0,57,144495,0,0,0,0,0,0,0,0.0,0,0,0,0,5204,1646,3558,0,0,0,0,0,0,0,10285,6492,3791,0,0,0,0,0,0,0,71992,45442,26540,0,0,0,0,0,0,0,0.027,0.026,0.0,0.0,0.0
2021-01-13,0,155800,114078,41690,0,32,146901,0,0,0,0,0,0,0,0.0,0,0,0,0,2951,964,2012,0,2406,0,0,0,0,0,10662,6601,4063,0,0,0,0,0,0,0,74633,46209,28439,0,0,0,0,0,0,0,0.028,0.026,0.0,0.0,0.0
2021-01-14,0,169416,124497,44882,0,37,153332,0,306150,199200,0,306150,94300,0,0.0,104900,0,379,505350,13616,10419,3192,0,6431,0,0,0,0,0,11177,7187,3992,0,0,0,0,0,0,0,78242,50306,27947,0,0,0,0,0,0,0,0.03,0.028,0.0,0.335,0.045
2021-01-15,0,187074,137954,49083,0,37,162040,0,306150,204800,0,306150,98500,0,0.0,106300,0,384,510950,17658,13457,4201,0,8708,0,5600,0,5600,0,11835,7798,4039,0,0,0,0,0,0,0,82848,54585,28275,0,0,0,0,0,0,0,0.034,0.029,0.0,0.366,0.046
2021-01-16,0,206559,150155,56369,0,35,174110,0,306150,207600,0,306150,98500,0,0.0,109100,0,384,513750,19485,12201,7286,0,12070,0,2800,0,2800,0,12402,8057,4348,0,0,0,0,0,0,0,86815,56397,30437,0,0,0,0,0,0,0,0.037,0.031,0.0,0.402,0.046
2021-01-17,0,221183,159127,62008,0,48,184943,0,309075,207600,0,309075,98500,0,0.0,109100,0,385,516675,14624,8972,5639,0,10833,0,2925,2925,0,0,12700,8194,4507,0,0,0,0,0,0,0,88903,57360,31551,0,0,0,0,0,0,0,0.04,0.033,0.0,0.428,0.046
2021-01-18,0,232952,164400,68481,0,71,194462,0,309075,207600,0,309075,98500,0,0.0,109100,0,385,516675,11769,5273,6473,0,9519,0,0,0,0,0,12187,7562,4623,0,0,0,0,0,0,0,85307,52932,32361,0,0,0,0,0,0,0,0.042,0.035,0.0,0.451,0.046
2021-01-19,0,238935,165357,73503,0,75,200130,0,309075,207600,0,309075,98500,0,0.0,109100,0,387,516675,5983,957,5022,0,5668,0,0,0,0,0,12298,7463,4832,0,7948,0,0,0,0,0,86086,52243,33825,0,55635,0,0,0,0,0,0.043,0.036,0.0,0.462,0.046
2021-01-20,0,239910,165816,74020,0,74,200840,0,346125,250500,0,346125,133400,0,0.0,117100,0,394,596625,975,459,517,0,710,0,79950,37050,42900,0,12016,7391,4619,0,7706,0,0,0,0,0,84110,51738,32330,0,53939,0,0,0,0,0,0.043,0.036,0.0,0.402,0.054
2021-01-21,0,246364,171526,74765,0,73,203839,0,346125,263700,0,346125,138900,0,0.0,124800,0,408,609825,6454,5710,745,0,2999,0,13200,0,13200,0,10993,6718,4269,0,7215,0,14925,5711,9214,0,76948,47029,29883,0,50507,0,104475,39975,64500,0,0.044,0.037,0.0,0.404,0.055
2021-01-22,0,264275,183226,80971,0,78,214050,0,379275,293400,0,379275,143600,0,0.0,149800,0,408,672675,17911,11700,6206,0,10211,0,62850,33150,29700,0,11029,6467,4555,0,7430,0,23104,10446,12657,0,77201,45272,31888,0,52010,0,161725,73125,88600,0,0.048,0.038,0.0,0.393,0.06
2021-01-23,0,289846,199929,89839,0,78,229163,0,379275,297000,0,379275,143700,0,0.0,153300,0,408,676275,25571,16703,8868,0,15113,0,3600,0,3600,0,11898,7111,4781,0,7865,0,23218,10446,12771,0,83287,49774,33470,0,55053,0,162525,73125,89400,0,0.052,0.041,0.0,0.429,0.061
2021-01-24,0,311600,211859,99626,0,115,247415,0,379275,297000,0,379275,143700,0,0.0,153300,0,408,676275,21754,11930,9787,0,18252,0,0,0,0,0,12917,7533,5374,0,8925,0,22800,10029,12771,0,90417,52732,37618,0,62472,0,159600,70200,89400,0,0.056,0.044,0.0,0.461,0.061
2021-01-25,0,335477,226562,108750,0,165,266985,0,379275,303400,0,379275,150100,0,0.0,153300,0,410,682675,23877,14703,9124,0,19570,0,6400,0,6400,0,14646,8880,5753,0,10360,0,23714,10029,13686,0,102525,62162,40269,0,72523,0,166000,70200,95800,0,0.06,0.048,0.0,0.491,0.061
2021-01-26,2021-01-24,353113,238932,114012,0,169,284441,0,386100,304200,0,386100,150900,0,0.0,153300,0,410,690300,17636,12370,5262,0,17456,0,7625,6825,800,0,16311,10511,5787,0,12044,0,24804,11004,13800,0,114178,73575,40509,0,84311,0,173625,77025,96600,0,0.063,0.051,0.0,0.512,0.062
2021-01-27,2021-01-25,375934,254910,120803,0,221,301290,0,413400,372500,0,413400,196300,0,0.0,176200,0,441,785900,22821,15978,6791,0,16849,0,95600,27300,68300,0,19432,12728,6683,0,14350,0,27039,9611,17429,0,136024,89094,46783,0,100450,0,189275,67275,122000,0,0.068,0.054,0.0,0.478,0.071
2021-01-28,2021-01-26,407063,277754,129088,0,221,320347,0,443625,383000,0,443625,204900,0,0.0,178100,0,441,826625,31129,22844,8285,0,19057,0,40725,30225,10500,0,22957,15175,7760,0,16644,0,30971,13929,17043,0,160699,106228,54323,0,116508,0,216800,97500,119300,0,0.073,0.058,0.0,0.492,0.074
2021-01-29,2021-01-27,444164,299831,144100,0,233,345636,0,445575,383100,0,445575,204900,0,0.0,178200,0,449,828675,37101,22077,15012,0,25289,0,2050,1950,100,0,25698,16658,9018,0,18798,0,22286,9471,12814,0,179889,116605,63129,0,131586,0,156000,66300,89700,0,0.08,0.062,0.0,0.536,0.074
2021-01-30,2021-01-28,488360,326578,161367,0,415,381204,0,445575,386100,0,445575,204900,0,0.0,181200,0,449,831675,44196,26747,17267,0,35568,0,3000,0,3000,0,28359,18093,10218,0,21720,0,22200,9471,12729,0,198514,126649,71528,0,152041,0,155400,66300,89100,0,0.088,0.069,0.0,0.587,0.075
2021-01-31,2021-01-29,531048,349626,180966,0,456,418299,0,445575,386100,0,445575,204900,0,0.0,181200,0,449,831675,42688,23048,19599,0,37095,0,0,0,0,0,31350,19681,11620,0,24412,0,22200,9471,12729,0,219448,137767,81340,0,170884,0,155400,66300,89100,0,0.095,0.075,0.0,0.639,0.075
2021-02-01,2021-01-30,559383,365850,193074,0,459,441922,0,445575,388800,0,445575,207600,0,0.0,181200,0,491,834375,28335,16224,12108,0,23623,0,2700,0,2700,0,31987,19898,12046,0,24991,0,21671,9471,12200,0,223906,139288,84324,0,174937,0,151700,66300,85400,0,0.101,0.079,0.0,0.67,0.075
2021-02-02,2021-01-31,565603,367490,197657,0,456,447610,0,445575,389100,0,445575,207900,0,0.0,181200,0,491,834675,6220,1640,4583,0,5688,0,300,0,300,0,30356,18365,11949,0,23310,0,20625,8496,12129,0,212490,128558,83645,0,163169,0,144375,59475,84900,0,0.102,0.08,0.0,0.678,0.075
2021-02-03,2021-02-01,582395,376014,205860,0,521,458651,0,449475,440100,0,449475,258600,0,0.0,181500,0,491,889575,16792,8524,8203,0,11041,0,54900,3900,51000,0,29494,17301,12151,0,22480,0,14811,5154,9657,0,206461,121104,85057,0,157361,0,103675,36075,67600,0,0.105,0.082,0.0,0.655,0.08
2021-02-04,2021-02-02,604864,389672,215178,0,14,475200,0,478725,446900,0,478725,265400,0,0.0,181500,0,566,925625,22469,13658,9318,0,16549,0,36050,29250,6800,0,28257,15988,12299,0,22122,0,14143,5014,9129,0,197801,111918,86090,0,154853,0,99000,35100,63900,0,0.109,0.085,0.0,0.653,0.083
2021-02-05,2021-02-03,637015,405836,231163,0,16,497843,0,480675,450500,0,480675,269000,0,0.0,181500,0,566,931175,32151,16164,15985,0,22643,0,5550,1950,3600,0,27550,15144,12438,0,21744,0,14643,5014,9629,0,192851,106005,87063,0,152207,0,102500,35100,67400,0,0.115,0.089,0.0,0.684,0.084
2021-02-06,2021-02-04,673586,420421,253149,0,16,525236,0,480675,464300,0,480675,282800,0,0.0,181500,0,566,944975,36571,14585,21986,0,27393,0,13800,0,13800,0,26461,13406,13112,0,20576,0,16186,5014,11171,0,185226,93843,91782,0,144032,0,113300,35100,78200,0,0.121,0.094,0.0,0.713,0.085
2021-02-07,2021-02-05,711678,434071,277589,0,18,554102,0,500175,464300,0,500175,282800,0,0.0,181500,0,566,964475,38092,13650,24440,0,28866,0,19500,19500,0,0,25804,12064,13803,0,19400,0,18971,7800,11171,0,180630,84445,96623,0,135803,0,132800,54600,78200,0,0.128,0.1,0.0,0.738,0.087
2021-02-08,2021-02-06,727475,439117,288340,0,18,556482,0,500175,470400,0,500175,282900,0,0.0,187500,0,566,970575,15797,5046,10751,0,2380,0,6100,0,6100,0,24013,10467,13609,0,16366,0,19457,7800,11657,0,168092,73267,95266,0,114560,0,136200,54600,81600,0,0.131,0.1,0.0,0.75,0.087
2021-02-09,2021-02-07,732216,439813,292385,0,18,569164,162132,506025,470400,0,506025,282900,0,0.0,187500,0,566,976425,4741,696,4045,0,12682,0,5850,5850,0,0,23802,10332,13533,0,17365,0,20250,8636,11614,0,166613,72323,94728,0,121554,0,141750,60450,81300,0,0.132,0.102,0.029,0.75,0.088
2021-02-10,2021-02-08,753019,450233,302767,0,19,583602,168495,540150,530400,0,540150,325200,0,0.0,205200,0,566,1070550,20803,10420,10382,0,14438,6363,94125,34125,60000,0,24375,10603,13844,0,17850,0,25854,12954,12900,0,170624,74219,96907,0,124951,0,180975,90675,90300,0,0.135,0.105,0.03,0.703,0.096
2021-02-11,2021-02-09,777459,463467,313976,0,16,599218,177239,541125,575600,0,541125,363800,0,0.0,211800,0,603,1116725,24440,13234,11209,0,15616,8744,46175,975,45200,0,24656,10542,14114,0,17717,0,27300,8914,18386,0,172595,73795,98798,0,124018,0,191100,62400,128700,0,0.14,0.108,0.032,0.696,0.1
2021-02-12,2021-02-10,808827,478746,330063,0,18,617896,189902,546975,578600,0,546975,366600,0,0.0,212000,0,603,1125575,31368,15279,16087,0,18678,12663,8850,5850,3000,0,24545,10416,14129,0,17150,0,27771,9471,18300,0,171812,72910,98900,0,120053,0,194400,66300,128100,0,0.145,0.111,0.034,0.719,0.101
2021-02-13,2021-02-11,852002,499660,352325,0,17,641844,209010,546975,583400,0,546975,366700,0,0.0,216700,0,603,1130375,43175,20914,22262,0,23948,19108,4800,0,4800,0,25488,11320,14168,0,16658,0,26486,9471,17014,0,178416,79239,99176,0,116608,0,185400,66300,119100,0,0.153,0.115,0.038,0.754,0.102
2021-02-14,2021-02-12,889831,518260,371551,0,20,661187,227551,569400,585150,0,569400,366700,0,0.0,218450,0,603,1154550,37829,18600,19226,0,19343,18541,24175,22425,1750,0,25450,12027,13423,0,15298,0,27154,9889,17264,0,178153,84189,93962,0,107085,0,190075,69225,120850,0,0.16,0.119,0.041,0.771,0.104
2021-02-15,2021-02-13,914984,526918,388044,0,22,675329,238104,569400,588650,0,569400,366700,0,0.0,221950,0,603,1158050,25153,8658,16493,0,14142,10553,3500,0,3500,0,26787,12543,14243,0,16978,0,26782,9889,16893,0,187509,87801,99704,0,118847,0,187475,69225,118250,0,0.164,0.121,0.043,0.79,0.104
2021-02-16,2021-02-14,927384,528361,399001,0,22,686210,240027,569400,592250,0,569400,366700,0,0.0,225550,0,603,1161650,12400,1443,10957,0,10881,1923,3600,0,3600,0,27881,12650,15231,0,16721,11128,26461,9054,17407,0,195168,88548,106616,0,117046,77895,185225,63375,121850,0,0.167,0.123,0.043,0.798,0.104
2021-02-17,2021-02-15,943251,535694,407538,0,19,695629,246431,569400,592250,0,569400,366700,0,0.0,225550,0,628,1161650,15867,7333,8537,0,9419,6404,0,0,0,0,27176,12209,14967,0,16004,11134,13014,4179,8836,0,190232,85461,104771,0,112027,77936,91100,29250,61850,0,0.17,0.125,0.044,0.812,0.104
2021-02-18,2021-02-16,975626,555197,420414,0,15,710305,264122,604500,592250,0,604500,366700,0,0.0,225550,0,628,1196750,32375,19503,12876,0,14676,17691,35100,35100,0,0,28310,13104,15205,0,15870,12412,11432,9054,2379,0,198167,91730,106438,0,111087,86883,80025,63375,16650,0,0.175,0.128,0.047,0.815,0.108
2021-02-19,2021-02-17,1016210,575525,440667,0,18,728081,286543,604500,592250,0,604500,366700,0,0.0,225550,0,628,1196750,40584,20328,20253,0,17776,22421,0,0,0,0,29626,13826,15801,0,15741,13806,10168,8218,1950,0,207383,96779,110604,0,110185,96641,71175,57525,13650,0,0.183,0.131,0.052,0.849,0.108
2021-02-20,2021-02-18,1059617,599047,460554,0,16,742760,315284,617175,592250,0,617175,366700,0,0.0,225550,0,628,1209425,43407,23522,19887,0,14679,28741,12675,12675,0,0,29659,14198,15461,0,14417,15182,11293,10029,1264,0,207615,99387,108229,0,100916,106274,79050,70200,8850,0,0.19,0.134,0.057,0.876,0.109
2021-02-21,2021-02-19,1097679,622591,475071,0,17,754602,341332,617175,592250,0,617175,366700,0,0.0,225550,0,637,1209425,38062,23544,14517,0,11842,26048,0,0,0,0,29693,14904,14789,0,13345,16254,7839,6825,1014,0,207848,104331,103520,0,93415,113781,54875,47775,7100,0,0.197,0.136,0.061,0.908,0.109
2021-02-22,2021-02-20,1118532,636822,481694,0,16,759747,356911,658125,594650,0,658125,369100,0,0.0,225550,0,637,1252775,20853,14231,6623,0,5145,15579,43350,40950,2400,0,29078,15701,13379,0,12060,16972,13532,12675,857,0,203548,109904,93650,0,84418,118807,94725,88725,6000,0,0.201,0.137,0.064,0.893,0.113
2021-02-23,2021-02-21,1125916,640856,485044,0,16,762089,362156,670995,598750,0,661635,373200,0,9360.0,225550,0,637,1269745,7384,4034,3350,0,2342,5245,16970,12870,4100,0,28362,16071,12292,0,10840,17447,15442,14514,929,0,198532,112495,86043,0,75879,122129,108095,101595,6500,0,0.202,0.137,0.065,0.887,0.114
2021-02-24,2021-02-22,1142741,650500,492223,0,18,770021,370981,715455,719900,0,704925,489500,0,10530.0,230400,0,658,1435355,16825,9644,7179,0,7932,8825,165610,44460,121150,0,28499,16401,12098,0,10627,17793,39101,20865,18236,0,199490,114806,84685,0,74392,124550,273705,146055,127650,0,0.205,0.138,0.067,0.796,0.129
2021-02-25,2021-02-23,1171258,670209,501033,0,16,783214,386256,724815,733400,0,713115,502400,0,11700.0,231000,0,658,1458215,28517,19709,8810,0,13193,15275,22860,9360,13500,0,27947,16430,11517,0,10416,17448,37352,17188,20164,0,195632,115012,80619,0,72909,122134,261465,120315,141150,0,0.211,0.141,0.069,0.803,0.131
2021-02-26,2021-02-24,1212816,694191,518613,0,12,804716,405992,724815,772600,0,713115,525200,0,11700.0,247400,0,658,1497415,41558,23982,17580,0,21502,19736,39200,0,39200,0,28087,16952,11135,0,10948,17064,42952,17188,25764,0,196606,118666,77946,0,76635,119449,300665,120315,180350,0,0.218,0.145,0.073,0.81,0.135
2021-02-27,2021-02-25,1269572,723742,545816,0,14,836735,430819,724815,781800,0,713115,525500,0,11700.0,256300,0,658,1506615,56756,29551,27203,0,32019,24827,9200,0,9200,0,29994,17814,12180,0,13425,16505,42456,15377,27079,0,209955,124695,85262,0,93975,115535,297190,107640,189550,0,0.228,0.15,0.077,0.843,0.135
2021-02-28,2021-02-26,1338841,749629,589197,0,15,878346,452562,766935,781800,0,755235,525500,0,11700.0,256300,0,658,1548735,69269,25887,43381,0,41611,21743,42120,42120,0,0,34452,18148,16304,0,17678,15890,48473,21394,27079,0,241162,127038,114126,0,123744,111230,339310,149760,189550,0,0.241,0.158,0.081,0.864,0.139
2021-03-01,2021-02-27,1371772,759714,612043,0,15,902242,467300,771615,781800,0,759915,525500,0,11700.0,256300,0,658,1553415,32931,10085,22846,0,23896,14738,4680,4680,0,0,36177,17556,18621,0,20356,15770,42949,16213,26736,0,253240,122892,130349,0,142495,110389,300640,113490,187150,0,0.247,0.162,0.084,0.883,0.14
2021-03-02,2021-02-28,1383609,763347,620247,0,15,908590,472789,778635,788000,0,765765,530700,0,12870.0,257300,0,658,1566635,11837,3633,8204,0,6348,5489,13220,7020,6200,0,36813,17499,19315,0,20929,15805,42413,15377,27036,0,257693,122491,135203,0,146501,110633,296890,107640,189250,0,0.249,0.163,0.085,0.883,0.141
2021-03-03,2021-03-01,1415372,776096,639264,0,12,928963,484383,817245,893300,0,804375,635000,0,12870.0,258300,0,658,1710545,31763,12749,19017,0,20373,11594,143910,38610,105300,0,38947,17942,21006,0,22706,16200,39313,14541,24771,0,272631,125596,147041,0,158942,113402,275190,101790,173400,0,0.254,0.167,0.087,0.827,0.154
2021-03-04,2021-03-02,1450360,794594,655752,0,14,948127,500188,834795,920300,0,816075,639900,0,18720.0,280400,0,658,1755095,34988,18498,16488,0,19164,15805,44550,17550,27000,0,39872,17769,22103,0,23559,16276,42411,15711,26700,0,279102,124385,154719,0,164913,113932,296880,109980,186900,0,0.261,0.17,0.09,0.826,0.158
2021-03-05,2021-03-03,1498369,818655,679642,64,8,975781,516422,853515,933000,0,816075,648100,0,37440.0,284900,0,712,1786515,48009,24061,23890,0,27654,16234,31420,18720,12700,0,40793,17781,23004,0,24438,15776,41300,18386,22914,0,285553,124464,161029,0,171065,110430,289100,128700,160400,0,0.269,0.175,0.093,0.839,0.161
2021-03-06,2021-03-04,1561329,843711,716894,717,7,1016274,543696,853515,934300,55900,816075,648300,44600,37440.0,286000,11300,712,1787815,62960,25056,37252,653,40493,27274,1300,0,1300,0,41680,17138,24440,0,25648,16125,40171,18386,21786,0,291757,119969,171078,0,179539,112877,281200,128700,152500,0,0.281,0.183,0.098,0.873,0.171
2021-03-07,2021-03-05,1612722,860184,746904,5627,7,1046077,570038,909675,934300,55900,864045,648300,44600,45630.0,286000,11300,712,1843975,51393,16473,30010,4910,29803,26342,56160,56160,0,0,39126,15794,22530,0,23962,16782,42177,20391,21786,0,273881,110555,157707,0,167731,117476,295240,142740,152500,0,0.29,0.188,0.102,0.875,0.176
2021-03-08,2021-03-06,1655056,873660,769697,11689,10,1072260,592134,909675,934300,55900,864045,648300,44600,45630.0,286000,11300,712,1843975,42334,13476,22793,6062,26183,22096,0,0,0,0,40469,16278,22522,0,24288,17833,41509,19723,21786,0,283284,113946,157654,0,170018,124834,290560,138060,152500,0,0.297,0.193,0.106,0.898,0.176
2021-03-09,2021-03-07,1675676,880261,779151,16254,10,1086936,602623,937755,934800,55900,892125,648300,44600,45630.0,286500,11300,712,1872555,20620,6601,9454,4565,14676,10489,28580,28080,500,0,41724,16702,22701,0,25478,18548,43703,22731,20971,0,292067,116914,158904,0,178346,129834,305920,159120,146800,0,0.301,0.195,0.108,0.895,0.178
2021-03-10,2021-03-08,1698793,887931,788367,22488,7,1103353,615432,963495,1035600,56500,917865,736800,45200,45630.0,298800,11300,712,1999095,23117,7670,9216,6234,16417,12809,126540,25740,100800,600,40489,15976,21300,0,24913,18721,41221,20893,20329,0,283421,111835,149103,0,174390,131049,288550,146250,142300,0,0.305,0.198,0.111,0.85,0.19
2021-03-11,2021-03-09,1747420,903723,815623,28065,9,1129967,642701,974025,1059700,56500,924885,738900,45200,49140.0,320800,11300,712,2033725,48627,15792,27256,5577,26614,27269,34630,10530,24100,0,42437,15590,22839,0,25977,20359,39804,19890,19914,0,297060,109129,159871,0,181840,142513,278630,139230,139400,0,0.314,0.203,0.116,0.859,0.193
2021-03-12,2021-03-10,1795517,924464,840065,30943,45,1163483,660019,1007955,1065800,56500,924885,744800,45200,83070.0,321000,11300,712,2073755,48097,20741,24442,2878,33516,17318,40030,33930,6100,0,42450,15116,22918,4411,26815,20514,41034,22063,18971,0,297148,105809,160423,30879,187702,143597,287240,154440,132800,0,0.323,0.209,0.119,0.866,0.197
2021-03-13,2021-03-11,1856323,950058,871111,35109,45,1205342,683034,1013805,1066900,56500,924885,744900,45200,88920.0,322000,11300,712,2080705,60806,25594,31046,4166,41859,23015,6950,5850,1100,0,42142,15192,22031,4913,27010,19905,41841,22899,18943,86,294994,106347,154217,34392,189068,139338,292890,160290,132600,600,0.334,0.217,0.123,0.892,0.197
2021-03-14,2021-03-12,1914713,974877,903447,36343,46,1240140,707776,1031355,1066900,56500,942435,744900,45200,88920.0,322000,11300,712,2098255,58390,24819,32336,1234,34798,24742,17550,17550,0,0,43142,16385,22363,4388,27723,19677,36326,17383,18943,86,301991,114693,156543,30716,194063,137738,254280,121680,132600,600,0.344,0.223,0.127,0.913,0.199
2021-03-15,2021-03-13,1947885,986567,920551,40757,10,1260771,724692,1075815,1082000,58400,986895,753400,45200,88920.0,328600,13200,712,2157815,33172,11690,17104,4414,20631,16916,59560,44460,15100,1900,41833,16130,21551,4153,26930,18937,44834,23734,21100,357,292829,112907,150854,29068,188511,132558,313840,166140,147700,2500,0.35,0.227,0.13,0.903,0.204
2021-03-16,2021-03-14,1955354,988702,924059,42583,10,1265430,729294,1123785,1083800,58400,1034865,754700,45200,88920.0,329100,13200,712,2207585,7469,2135,3508,1826,4659,4602,49770,47970,1800,0,39954,15492,20701,3761,25499,18096,47861,26576,21286,357,279678,108441,144908,26329,178494,126671,335030,186030,149000,2500,0.351,0.227,0.131,0.886,0.209
2021-03-17,2021-03-15,1987705,1001826,938816,47052,11,1284612,746829,1141335,1170400,58400,1052415,826300,45200,88920.0,344100,13200,712,2311735,32351,13124,14757,4469,19182,17535,104150,17550,86600,0,41273,16271,21493,3509,25894,18771,44663,25406,19257,271,288912,113895,150449,24564,181259,131397,312640,177840,134800,1900,0.357,0.231,0.134,0.86,0.218
2021-03-18,2021-03-16,2023574,1022554,953673,47336,11,1303210,764275,1149525,1183300,60400,1052415,828200,45700,97110.0,355100,14700,712,2332825,35869,20728,14857,284,18598,17446,21090,8190,12900,2000,39451,16976,19721,2753,24749,17368,42729,25071,17657,557,276154,118831,138050,19271,173243,121574,299100,175500,123600,3900,0.364,0.234,0.137,0.867,0.221
2021-03-19,2021-03-17,2082088,1057431,976854,47791,12,1337892,788495,1156545,1184900,62600,1052415,829700,47500,104130.0,355200,15100,712,2341445,58514,34877,23181,455,34682,24220,8620,7020,1600,2200,40939,18995,19541,2407,24916,18354,38241,21227,17014,871,286571,132967,136789,16848,174409,128476,267690,148590,119100,6100,0.374,0.24,0.142,0.889,0.222
2021-03-20,2021-03-18,2143348,1089284,1005962,48097,5,1371513,816289,1161225,1185400,62600,1052415,829700,47500,108810.0,355700,15100,712,2346625,61260,31853,29108,306,33621,27794,5180,4680,500,0,41004,19889,19264,1855,23739,19036,37989,21060,16929,871,287025,139226,134851,12988,166171,133255,265920,147420,118500,6100,0.385,0.247,0.147,0.913,0.222
2021-03-21,2021-03-19,2202673,1120571,1032119,49978,5,1408601,839860,1202175,1185400,62600,1093365,829700,47500,108810.0,355700,15100,712,2387575,59325,31287,26157,1881,37088,23571,40950,40950,0,0,41137,20813,18382,1948,24066,18869,41331,24403,16929,871,287960,145694,128672,13635,168461,132084,289320,170820,118500,6100,0.396,0.253,0.151,0.923,0.226
2021-03-22,2021-03-20,2235281,1137989,1047150,50137,5,1430349,850829,1227915,1186700,62600,1119105,831000,47500,108810.0,355700,15100,712,2414615,32608,17418,15031,159,21748,10969,27040,25740,1300,0,41057,21632,18086,1340,24225,18020,36686,21729,14957,600,287396,151422,126599,9380,169578,126137,256800,152100,104700,4200,0.402,0.257,0.153,0.926,0.228
2021-03-23,2021-03-21,2246710,1145656,1050733,50315,6,1437931,854827,1229085,1211300,70100,1119105,853600,55000,109980.0,357700,15100,712,2440385,11429,7667,3583,178,7582,3998,25770,1170,24600,7500,41622,22422,18096,1105,24643,17933,33257,15043,18214,1671,291356,156954,126674,7732,172501,125533,232800,105300,127500,11700,0.404,0.258,0.154,0.921,0.232
2021-03-24,2021-03-22,2271672,1158972,1062056,50640,4,1454834,862955,1298115,1302600,73500,1188135,940500,57800,109980.0,362100,15700,712,2600715,24962,13316,11323,325,16903,8128,160330,69030,91300,3400,40567,22449,17606,513,24317,16589,41283,22397,18886,2157,283967,157146,123240,3588,170222,116126,288980,156780,132200,15100,0.408,0.262,0.155,0.873,0.247
2021-03-25,2021-03-23,2305796,1180975,1072616,52201,4,1475130,878469,1315665,1328400,74500,1190475,956100,57800,125190.0,372300,16700,712,2644065,34124,22003,10560,1561,20296,15514,43350,17550,25800,1000,40317,22632,16992,695,24560,16313,44463,23734,20729,2014,282222,158421,118943,4865,171920,114194,311240,166140,145100,14100,0.414,0.265,0.158,0.872,0.251
2021-03-26,2021-03-24,2363495,1212653,1096516,54322,4,1510237,903188,1327365,1344500,75000,1190475,962100,57800,136890.0,382400,17200,712,2671865,57699,31678,23900,2121,35107,24719,27800,11700,16100,500,40201,22175,17095,933,24621,16385,47203,24403,22800,1771,281407,155222,119662,6531,172345,114693,330420,170820,159600,12400,0.425,0.271,0.162,0.885,0.254
2021-03-27,2021-03-25,2441210,1251825,1132211,57170,4,1557636,936222,1327365,1344600,75000,1190475,962200,57800,136890.0,382400,17200,712,2671965,77715,39172,35695,2848,47399,33034,100,0,100,0,42552,23220,18036,1296,26589,17133,46477,23734,22743,1771,297862,162541,126249,9073,186123,119933,325340,166140,159200,12400,0.439,0.28,0.168,0.914,0.254
2021-03-28,2021-03-26,2512837,1284430,1169746,58655,6,1590826,976061,1362465,1344600,75000,1222065,962200,57800,140400.0,382400,17200,712,2707065,71627,32605,37535,1485,33190,39839,35100,35100,0,0,44309,23408,19661,1240,26032,19457,45641,22899,22743,1771,310164,163859,137627,8677,182225,136201,319490,160290,159200,12400,0.452,0.286,0.175,0.928,0.257
2021-03-29,2021-03-27,2545033,1302557,1182673,59797,6,1609277,990854,1413165,1348500,89000,1248975,963600,71400,164190.0,384900,17600,712,2761665,32196,18127,12927,1142,18451,14793,54600,50700,3900,14000,44250,23510,19360,1380,25561,20004,49579,26464,23114,3771,309752,164568,135523,9660,178928,140025,347050,185250,161800,26400,0.457,0.289,0.178,0.922,0.264
2021-03-30,2021-03-28,2580362,1317650,1197242,65464,6,1637771,1003316,1475175,1357100,92900,1310985,972200,75300,164190.0,384900,17600,712,2832275,35329,15093,14569,5667,28494,12462,70610,62010,8600,3900,47665,24571,20930,2164,28549,21213,55984,35156,20829,3257,333652,171994,146509,15149,199840,148489,391890,246090,145800,22800,0.464,0.294,0.18,0.911,0.271
2021-03-31,2021-03-29,2628387,1339455,1222770,66158,4,1658176,1031749,1505595,1449300,95300,1341405,1064400,77200,164190.0,384900,18100,712,2954895,48025,21805,25528,694,20405,28433,122620,30420,92200,2400,50959,25783,22959,2217,29049,24113,50597,29640,20957,3114,356715,180483,160714,15518,203342,168794,354180,207480,146700,21800,0.472,0.298,0.185,0.89,0.283
2021-04-01,2021-03-30,2674667,1362819,1241435,70408,5,1682545,1057848,1506765,1454000,124600,1342575,1069100,89600,164190.0,384900,35000,712,2960765,46280,23364,18665,4250,24369,26099,5870,1170,4700,29300,52696,25978,24117,2601,29631,25626,45243,27300,17943,7157,368871,181844,168819,18207,207415,179379,316700,191100,125600,50100,0.481,0.302,0.19,0.903,0.288
2021-04-02,2021-03-31,2740474,1396804,1270183,73482,5,1720811,1088332,1537965,1477500,131000,1347255,1069600,89600,190710.0,407900,41400,845,3015465,65807,33985,28748,3074,38266,30484,54700,31200,23500,6400,53854,26307,24810,2737,30082,26449,49086,30086,19000,8000,376979,184151,173667,19160,210574,185144,343600,210600,133000,56000,0.493,0.309,0.196,0.909,0.295
2021-04-03,2021-04-01,2826047,1439166,1307837,79038,6,1770290,1129863,1555515,1501500,131000,1347255,1093600,89600,208260.0,407900,41400,845,3057015,85573,42362,37654,5556,49479,41531,41550,17550,24000,0,54977,26763,25089,3124,30379,27663,55007,32593,22414,8000,384837,187341,175626,21868,212654,193641,385050,228150,156900,56000,0.508,0.318,0.203,0.924,0.298
2021-04-04,2021-04-01,2826047,1439166,1307837,79038,6,1770290,1129863,1555515,1501500,131000,1347255,1093600,89600,208260.0,407900,41400,845,3057015,0,0,0,0,0,0,0,0,0,0,44744,22105,19727,2912,25638,21972,49993,27579,22414,8000,313210,154736,138091,20383,179464,153802,349950,193050,156900,56000,0.508,0.318,0.203,0.924,0.298
2021-04-05,2021-04-02,2895172,1475702,1336555,82907,8,1808949,1164187,1610505,1501500,131000,1390545,1093600,89600,219960.0,407900,41400,845,3112005,69125,36536,28718,3869,38659,34324,54990,54990,0,0,50020,24735,21983,3301,28525,24762,50049,28191,21857,6000,350139,173145,153882,23110,199672,173333,350340,197340,153000,42000,0.52,0.325,0.209,0.93,0.303
2021-04-06,2021-04-04,2947450,1504504,1351711,91228,7,1841585,1192051,1636245,1508700,134400,1411605,1100800,93000,224640.0,407900,41400,845,3144945,52278,28802,15156,8321,32636,27864,32940,25740,7200,3400,52441,26693,22067,3681,29116,26962,44667,23010,21657,5929,367088,186854,154469,25764,203814,188735,312670,161070,151600,41500,0.53,0.331,0.214,0.937,0.307
2021-04-07,2021-04-05,2995997,1532588,1363899,99504,6,1871867,1218492,1711125,1568100,211600,1486485,1160200,169900,224640.0,407900,41700,877,3279225,48547,28084,12188,8276,30282,26441,134280,74880,59400,77200,52516,27590,20161,4764,30527,26678,46333,29361,16971,16614,367610,193133,141129,33346,213691,186743,324330,205530,118800,116300,0.539,0.336,0.219,0.914,0.333
2021-04-08,2021-04-06,3048429,1561918,1382373,104132,6,1900248,1247045,1715805,1577800,228100,1491165,1161300,170300,224640.0,416500,57800,890,3293605,52432,29330,18474,4628,28381,28553,14380,4680,9700,16500,53395,28443,20134,4818,31100,27028,47549,29863,17686,14786,373762,199099,140938,33724,217703,189197,332840,209040,123800,103500,0.548,0.342,0.224,0.926,0.337
2021-04-09,2021-04-07,3118678,1598081,1407858,112717,22,1940081,1285925,1733355,1590700,238600,1495845,1167300,170300,237510.0,423400,68300,890,3324055,70249,36163,25485,8585,39833,38880,30450,17550,12900,10500,54029,28754,19668,5605,31324,28228,44084,27913,16171,15371,378204,201277,137675,39235,219270,197593,308590,195390,113200,107600,0.561,0.349,0.231,0.938,0.342
2021-04-10,2021-04-08,3207892,1642582,1439202,126080,28,1994412,1333998,1747395,1592000,246300,1495845,1167300,171300,251550.0,424700,75000,890,3339395,89214,44501,31344,13363,54331,48073,15340,14040,1300,7700,54549,29059,18766,6720,32017,29162,40340,27411,12929,16471,381845,203416,131365,47042,224122,204135,282380,191880,90500,115300,0.577,0.358,0.24,0.961,0.344
2021-04-11,2021-04-09,3294231,1681614,1463437,149161,19,2050888,1386766,1796535,1592000,246300,1541475,1167300,171300,255060.0,424700,75000,890,3388535,86339,39032,24235,23081,56476,52768,49140,49140,0,0,66883,34635,22229,10018,40085,36700,47360,34431,12929,16471,468184,242448,155600,70123,280598,256903,331520,241020,90500,115300,0.592,0.369,0.249,0.972,0.349
2021-04-12,2021-04-10,3344456,1702665,1475446,166326,19,2084627,1420328,1796535,1592000,246300,1541475,1167300,171300,255060.0,424700,75000,890,3388535,50225,21051,12009,17165,33739,33562,0,0,0,0,64183,32423,19842,11917,39383,36592,39504,26576,12929,16471,449284,226963,138891,83419,275678,256141,276530,186030,90500,115300,0.601,0.375,0.255,0.987,0.349
2021-04-13,2021-04-11,3369083,1715697,1478486,174881,19,2102859,1435236,1839825,1603300,257500,1582425,1178600,179100,257400.0,424700,78400,890,3443125,24627,13032,3040,8555,18232,14908,54590,43290,11300,11200,60233,30170,18111,11950,37325,34741,42597,29083,13514,17586,421633,211193,126775,83653,261274,243185,298180,203580,94600,123100,0.606,0.378,0.258,0.978,0.356
2021-04-14,2021-04-12,3413928,1736753,1492375,184782,18,2131904,1460806,1971015,1670100,258400,1650285,1237400,179400,320730.0,432700,79000,902,3641115,44845,21056,13889,9901,29045,25570,197990,131190,66800,900,59704,29166,18354,12183,37148,34616,51699,37127,14571,6686,417931,204165,128476,85278,260037,242314,361890,259890,102000,46800,0.614,0.383,0.263,0.938,0.374
2021-04-15,2021-04-13,3466394,1764969,1510815,190593,17,2162665,1488116,1988565,1719200,258400,1667835,1273500,179400,320730.0,445700,79000,902,3707765,52466,28216,18440,5811,30761,27310,66650,17550,49100,0,59709,29007,18349,12352,37488,34439,59166,38966,20200,4329,417965,203051,128442,86461,262417,241071,414160,272760,141400,30300,0.623,0.389,0.267,0.935,0.38
2021-04-16,2021-04-14,3532035,1803067,1535990,192962,16,2198635,1520040,1988565,1729500,258400,1667835,1277200,179400,320730.0,452300,79000,909,3718065,65641,38098,25175,2369,35970,31924,10300,0,10300,0,59051,29284,18305,11464,36936,33445,56287,36459,19829,2829,413357,204986,128132,80245,258554,234115,394010,255210,138800,19800,0.635,0.395,0.273,0.95,0.381
2021-04-17,2021-04-15,3617216,1848019,1575749,193432,16,2241000,1563210,2000115,1735600,258400,1667835,1277900,179400,332280.0,457700,79000,940,3735715,85181,44952,39759,470,42365,43170,17650,11550,6100,0,58475,29348,19507,9622,35227,32745,56617,36103,20514,1729,409324,205437,136547,67352,246588,229212,396320,252720,143600,12100,0.65,0.403,0.281,0.968,0.382
2021-04-18,2021-04-16,3687953,1889327,1604657,193952,17,2274426,1600887,2003625,1737100,260200,1667835,1277900,179400,335790.0,459200,80800,940,3740725,70737,41308,28908,520,33426,37677,5010,3510,1500,1800,56246,29673,20174,6399,31934,30589,50313,29584,20729,1986,393722,207713,141220,44791,223538,214121,352190,207090,145100,13900,0.663,0.409,0.288,0.986,0.383
2021-04-19,2021-04-17,3731185,1917202,1619920,194045,18,2292756,1625800,2118285,1796700,260200,1767285,1337500,179400,351000.0,459200,80800,940,3914985,43232,27875,15263,93,18330,24913,174260,114660,59600,0,55247,30648,20639,3960,29733,29353,75207,45964,29243,1986,386729,214537,144474,27719,208129,205472,526450,321750,204700,13900,0.671,0.412,0.292,0.953,0.399
2021-04-20,2021-04-18,3748622,1930825,1623730,194049,18,2304975,1630999,2118285,1800900,260200,1767285,1341700,179400,351000.0,459200,80800,940,3919185,17437,13623,3810,4,12219,5199,4200,0,4200,0,54220,30733,20749,2738,28874,27966,68009,39780,28229,386,379539,215128,145244,19168,202116,195763,476060,278460,197600,2700,0.674,0.414,0.293,0.956,0.399
2021-04-21,2021-04-19,3785179,1950944,1640066,194150,19,2324241,1648311,2190825,1855400,260200,1839825,1385100,179400,351000.0,470300,80800,940,4046225,36557,20119,16336,101,19266,17312,127040,72540,54500,0,53036,30599,21099,1338,27477,26786,57873,31401,26471,257,371251,214191,147691,9368,192337,187505,405110,219810,185300,1800,0.68,0.418,0.296,0.935,0.41
2021-04-22,2021-04-20,3837062,1984110,1658621,194314,17,2349782,1674765,2228265,1872300,260200,1863225,1386400,179400,365040.0,485900,80800,940,4100565,51883,33166,18555,164,25541,26454,54340,37440,16900,0,52953,31306,21115,532,26731,26664,56114,34243,21871,257,370668,219141,147806,3721,187117,186649,392800,239700,153100,1800,0.69,0.422,0.301,0.936,0.415
2021-04-23,2021-04-21,3900609,2020554,1685676,194360,19,2376700,1711408,2252835,1884600,260200,1863225,1391200,179400,389610.0,493400,80800,958,4137435,63547,36444,27055,46,26918,36643,36870,24570,12300,0,52653,31070,21384,200,25438,27338,59910,37753,22157,257,368574,217487,149686,1398,178065,191368,419370,264270,155100,1800,0.701,0.427,0.308,0.943,0.419
2021-04-24,2021-04-22,3965362,2058287,1712609,194448,18,2407294,1745337,2280915,1886900,260200,1870245,1391300,179400,410670.0,495600,80800,958,4167815,64753,37733,26933,88,30594,33929,30380,28080,2300,0,49735,30038,19551,145,23756,26018,61729,40114,21614,257,348146,210268,136860,1016,166294,182127,432100,280800,151300,1800,0.713,0.433,0.314,0.951,0.421
2021-04-25,2021-04-23,4042577,2104936,1743135,194491,15,2441621,1788107,2359305,1886900,260200,1942785,1391300,179400,416520.0,495600,80800,958,4246205,77215,46649,30526,43,34327,42770,78390,78390,0,0,50661,30801,19783,77,23885,26746,72211,50811,21400,0,354624,215609,138478,539,167195,187220,505480,355680,149800,0,0.727,0.439,0.321,0.952,0.428
2021-04-26,2021-04-24,4078308,2130642,1753149,194502,15,2459629,1805781,2359305,1925800,260200,1942785,1430200,179400,416520.0,495600,80800,958,4285105,35731,25706,10014,11,18008,17674,38900,0,38900,0,49589,30491,19033,65,23839,25712,52874,34431,18443,0,347123,213440,133229,457,166873,179981,370120,241020,129100,0,0.733,0.442,0.325,0.952,0.432
2021-04-27,2021-04-25,4092496,2140232,1757741,194510,13,2468406,1811171,2359305,1943800,260200,1942785,1443900,179400,416520.0,499900,80800,958,4303105,14188,9590,4592,8,8777,5390,18000,0,18000,0,49125,29915,19144,66,23347,25739,54846,34431,20414,0,343874,209407,134011,461,163431,180172,383920,241020,142900,0,0.736,0.444,0.326,0.951,0.434
2021-04-28,2021-04-26,4133871,2169087,1770216,194555,13,2487282,1833719,2435355,2008700,260200,2018835,1489100,179400,416520.0,519600,80800,958,4444055,41375,28855,12475,45,18876,22548,140950,76050,64900,0,49813,31163,18593,58,23292,26487,56833,34933,21900,0,348692,218143,130150,405,163041,185408,397830,244530,153300,0,0.743,0.447,0.33,0.93,0.446
2021-04-29,2021-04-27,4177319,2197476,1785077,194753,13,2507381,1857191,2471625,2010900,260200,2036385,1489700,179400,435240.0,521200,80800,958,4482525,43448,28389,14861,198,20099,23472,38470,36270,2200,0,48608,30481,18065,63,22514,26061,54566,34766,19800,0,340257,213366,126456,439,157599,182426,381960,243360,138600,0,0.751,0.451,0.334,0.932,0.45
2021-04-30,2021-04-28,4239232,2235850,1807913,195456,13,2533459,1893516,2485665,2026200,260200,2037555,1493600,179400,448110.0,532600,80800,958,4511865,61913,38374,22836,703,26078,36325,29340,14040,15300,0,48375,30757,17462,157,22394,26015,53490,33261,20229,0,338623,215296,122237,1096,156759,182108,374430,232830,141600,0,0.762,0.455,0.34,0.94,0.452
2021-05-01,2021-04-29,4306144,2274443,1835145,196541,15,2556515,1938241,2513745,2043900,263400,2037555,1511000,179400,476190.0,532900,84000,958,4557645,66912,38593,27232,1085,23056,44725,45780,28080,17700,3200,48683,30879,17505,299,21317,27558,55690,33261,22429,457,340782,216156,122536,2093,149221,192904,389830,232830,157000,3200,0.774,0.46,0.348,0.945,0.457
2021-05-02,2021-04-30,4358219,2305538,1855085,197581,15,2574895,1972888,2513745,2043900,263400,2037555,1511000,179400,476190.0,532900,84000,958,4557645,52075,31095,19940,1040,18380,34647,0,0,0,0,45092,28657,15993,441,19039,26397,44491,22063,22429,457,315642,200602,111950,3090,133274,184781,311440,154440,157000,3200,0.783,0.463,0.355,0.956,0.457
2021-05-03,2021-05-01,4379654,2322268,1859353,198017,16,2585053,1984517,2603835,2061700,264000,2125305,1524500,179400,478530.0,537200,84600,958,4665535,21435,16730,4268,436,10158,11629,107890,90090,17800,600,43049,27375,15172,502,17918,25534,54347,34933,19414,543,301346,191626,106204,3515,125424,178736,380430,244530,135900,3800,0.787,0.465,0.357,0.939,0.467
2021-05-04,2021-05-02,4391066,2331728,1861221,198101,16,2589206,1991815,2603835,2097700,277000,2125305,1551200,192400,478530.0,546500,84600,958,4701535,11412,9460,1868,84,4153,7298,36000,0,36000,13000,42653,27357,14783,513,17257,25806,56919,34933,21986,2400,298570,191496,103480,3591,120800,180644,398430,244530,153900,16800,0.789,0.465,0.358,0.934,0.472
2021-05-05,2021-05-03,4416163,2349126,1868423,198600,14,2598871,2007668,2664675,2110700,278100,2183805,1551200,192400,480870.0,559500,85700,958,4775375,25097,17398,7202,499,9665,15853,73840,60840,13000,1100,40327,25720,14030,578,15941,24850,47331,32760,14571,2557,282292,180039,98207,4045,111589,173949,331320,229320,102000,17900,0.794,0.467,0.361,0.925,0.479
2021-05-06,2021-05-04,4457725,2375226,1882236,200250,13,2614319,2035325,2664675,2123960,283200,2183805,1554500,192400,480870.0,569460,90800,958,4788635,41562,26100,13813,1650,15448,27657,13260,0,13260,5100,40058,25393,13880,785,15277,25448,43730,27579,16151,3286,280406,177750,97159,5497,106938,178134,306110,193050,113060,23000,0.801,0.47,0.366,0.931,0.481
2021-05-07,2021-05-05,4504078,2405431,1896202,202431,14,2628225,2069779,2682225,2139680,283600,2190825,1554500,192400,491400.0,585180,91200,958,4821905,46353,30205,13966,2181,13906,34454,33270,17550,15720,400,37835,24226,12613,996,13538,25180,44291,28080,16211,3343,264846,169581,88289,6975,94766,176263,310040,196560,113480,23400,0.81,0.472,0.372,0.934,0.484
2021-05-08,2021-05-06,4551759,2435008,1912448,204260,43,2641346,2106486,2717325,2141340,283900,2190825,1554500,192400,526500.0,586840,91500,958,4858665,47681,29577,16246,1829,13121,36707,36760,35100,1660,300,35088,22938,11043,1103,12119,24035,43003,29083,13920,2929,245615,160565,77303,7719,84831,168245,301020,203580,97440,20500,0.818,0.475,0.379,0.937,0.488
2021-05-09,2021-05-07,4594693,2462408,1926069,206169,47,2651747,2140832,2808975,2141340,283900,2270385,1554500,192400,538590.0,586840,91500,958,4950315,42934,27400,13621,1909,10401,34346,91650,91650,0,0,33782,22410,10141,1227,10979,23992,56096,42176,13920,2929,236474,156870,70984,8588,76852,167944,392670,295230,97440,20500,0.826,0.477,0.385,0.928,0.496
2021-05-10,2021-05-08,4625195,2482652,1934330,208165,48,2661153,2163864,2808975,2203180,292600,2270385,1605700,201100,538590.0,597480,91500,958,5012155,30502,20244,8261,1996,9406,23032,61840,0,61840,8700,35077,22912,10711,1450,10871,25621,49517,29306,20211,4086,245541,160384,74977,10148,76100,179347,346620,205140,141480,28600,0.831,0.478,0.389,0.923,0.503
2021-05-11,2021-05-09,4645782,2497731,1938489,209514,48,2667770,2176534,2808975,2203180,292700,2270385,1605700,201200,538590.0,597480,91500,990,5012155,20587,15079,4159,1349,6617,12670,0,0,0,100,36388,23715,11038,1630,11223,26388,44374,29306,15069,2243,254716,166003,77268,11413,78564,184719,310620,205140,105480,15700,0.835,0.48,0.391,0.927,0.503
2021-05-12,2021-05-10,4676965,2515983,1950321,210615,46,2676919,2199544,2904525,2283520,293300,2349945,1670100,201200,554580.0,613420,92100,1013,5188045,31183,18252,11832,1101,9149,23010,175890,95550,80340,600,37257,23837,11700,1716,11150,27411,58953,34264,24689,2171,260802,166857,81898,12015,78048,191876,412670,239850,172820,15200,0.841,0.481,0.395,0.901,0.519
2021-05-13,2021-05-11,4716455,2541315,1962719,212377,44,2685779,2229027,2906865,2287760,293700,2352285,1670100,201200,554580.0,617660,92500,1024,5194625,39490,25332,12398,1762,8860,29483,6580,2340,4240,400,36961,23727,11498,1732,10209,27672,57999,34599,23400,1500,258730,166089,80483,12127,71460,193702,405990,242190,163800,10500,0.848,0.483,0.401,0.908,0.52
2021-05-14,2021-05-12,4754427,2562541,1978036,213810,40,2694297,2260019,2945475,2298400,296100,2376855,1670300,201400,568620.0,628100,94700,1040,5243875,37972,21226,15317,1433,8518,30992,49250,38610,10640,2400,35764,22444,11691,1626,9439,27177,60281,37607,22674,1786,250349,157110,81834,11379,66072,190240,421970,263250,158720,12500,0.855,0.484,0.406,0.907,0.525
2021-05-15,2021-05-13,4799651,2587437,1996264,215910,40,2707414,2294000,2971215,2301760,297800,2379195,1670300,201400,592020.0,631460,96400,1057,5272975,45224,24896,18228,2100,13117,33981,29100,25740,3360,1700,35413,21776,11974,1664,9438,26788,59187,36270,22917,1986,247892,152429,83816,11650,66068,187514,414310,253890,160420,13900,0.863,0.487,0.412,0.91,0.527
2021-05-16,2021-05-14,4845135,2619135,2008346,217617,37,2722944,2325495,2972385,2301760,297800,2379195,1670300,201400,593190.0,631460,96400,1079,5274145,45484,31698,12082,1707,15530,31495,1170,1170,0,0,35777,22390,11754,1635,10171,26380,46261,23344,22917,1986,250442,156727,82277,11448,71197,184663,323830,163410,160420,13900,0.871,0.489,0.418,0.919,0.528
2021-05-17,2021-05-15,4870838,2638301,2014013,218487,37,2732819,2340582,3030885,2311160,297800,2437695,1679600,201400,593190.0,631560,96400,1111,5342045,25703,19166,5667,870,9875,15087,67900,58500,9400,0,35092,22236,11383,1475,10238,25245,47127,31701,15426,743,245643,155649,79683,10322,71666,176718,329890,221910,107980,5200,0.876,0.491,0.421,0.912,0.534
2021-05-18,2021-05-16,4885672,2650048,2016669,218938,17,2739423,2349214,3037905,2434320,298000,2444715,1706360,201600,593190.0,631560,96400,1124,5472225,14834,11747,2656,451,6604,8632,130180,7020,123160,200,34270,21760,11169,1346,10236,24669,65724,32704,33020,757,239890,152317,78180,9424,71653,172680,460070,228930,231140,5300,0.878,0.492,0.422,0.893,0.545
2021-05-19,2021-05-17,4914949,2670369,2024551,220009,20,2749383,2369346,3104595,2343720,300000,2510235,1706760,202000,594360.0,636960,98000,1139,5448315,29277,20321,7882,1071,9960,20132,-23910,66690,-90600,2000,33998,22055,10604,1342,10352,24257,37181,28581,8600,957,237984,154386,74230,9394,72464,169802,260270,200070,60200,6700,0.883,0.494,0.426,0.902,0.544
2021-05-20,2021-05-18,4984556,2716538,2044709,223291,18,2780666,2410545,3109275,2365140,302500,2510235,1706760,202000,599040.0,658380,100500,1152,5474415,69607,46169,20158,3282,31283,41199,26100,4680,21420,2500,38300,25032,11713,1559,13555,25931,39970,28916,11054,1257,268101,175223,81990,10914,94887,181518,279790,202410,77380,8800,0.896,0.5,0.433,0.911,0.546
2021-05-21,2021-05-19,5030748,2748137,2057521,225073,17,2802900,2436104,3161925,2378520,303800,2516085,1706860,202000,645840.0,671660,101800,1163,5540445,46192,31599,12812,1782,22234,25559,66030,52650,13380,1300,39474,26514,11355,1609,15515,25155,42367,30921,11446,1100,276321,185596,79485,11263,108603,176085,296570,216450,80120,7700,0.904,0.504,0.438,0.908,0.553
2021-05-22,2021-05-20,5090995,2787054,2076649,227268,24,2831792,2469509,3177135,2384380,305400,2516085,1706860,202000,661050.0,677520,103400,1177,5561515,60247,38917,19128,2195,28892,33405,21070,15210,5860,1600,41621,28517,11484,1623,17768,25073,41220,29417,11803,1086,291344,199617,80385,11358,124378,175509,288540,205920,82620,7600,0.915,0.509,0.444,0.915,0.555
2021-05-23,2021-05-21,5128479,2812192,2087267,228998,22,2848324,2492237,3235635,2384380,305400,2572245,1706860,202000,663390.0,677520,103400,1177,5620015,37484,25138,10618,1730,16532,22728,58500,58500,0,0,40478,27580,11274,1626,17911,23820,49410,37607,11803,1086,283344,193057,78921,11381,125380,166742,345870,263250,82620,7600,0.922,0.512,0.448,0.913,0.56
2021-05-24,2021-05-22,5152980,2828368,2094644,229941,27,2859019,2506883,3235635,2404360,310100,2572245,1726560,206600,663390.0,677800,103500,1190,5639995,24501,16176,7377,943,10695,14646,19980,0,19980,4700,40306,27152,11519,1636,18029,23757,42564,29250,13314,1757,282142,190067,80631,11454,126200,166301,297950,204750,93200,12300,0.926,0.514,0.451,0.914,0.563
2021-05-25,2021-05-23,5162924,2835180,2097303,230414,27,2863854,2512458,3235635,2404360,310100,2572245,1726560,206600,663390.0,677800,103500,1211,5639995,9944,6812,2659,473,4835,5575,0,0,0,0,39607,26447,11519,1639,17776,23321,23967,28247,-4280,1729,277252,185132,80634,11476,124431,163244,167770,197730,-29960,12100,0.928,0.515,0.452,0.915,0.563
2021-05-26,2021-05-24,5181374,2846983,2103015,231347,29,2871544,2524113,3257865,2411580,327900,2588625,1726560,221300,669240.0,685020,106600,1215,5669445,18450,11803,5712,933,7690,11655,29450,22230,7220,17800,38061,25231,11209,1620,17452,22110,31590,21896,9694,3986,266425,176614,78464,11338,122161,154767,221130,153270,67860,27900,0.931,0.516,0.454,0.914,0.568
2021-05-27,2021-05-25,5212215,2866756,2112731,232701,27,2885499,2543044,3257865,2421700,329700,2588625,1728360,221400,669240.0,693340,108300,1215,5679565,30841,19773,9716,1354,13955,18931,10120,0,10120,1800,32523,21460,9717,1344,14976,18928,29307,21227,8080,3886,227659,150218,68022,9410,104833,132499,205150,148590,56560,27200,0.937,0.519,0.457,0.918,0.57
2021-05-28,2021-05-26,5240827,2883441,2123014,234346,26,2900110,2562690,3274245,2438880,330800,2588625,1728360,221400,685620.0,710520,109400,1215,5713125,28612,16685,10283,1645,14611,19646,33560,16380,17180,1100,30011,19329,9356,1325,13887,18084,24669,16046,8623,3857,210079,135304,65493,9273,97210,126586,172680,112320,60360,27000,0.942,0.521,0.461,0.917,0.573
2021-05-29,2021-05-27,5266811,2898536,2132575,235675,25,2911375,2578633,3295305,2452520,334200,2588625,1728360,221400,706680.0,724160,112800,1215,5747825,25984,15095,9561,1329,11265,15943,34700,21060,13640,3400,25117,15926,7989,1201,11369,15589,26616,16881,9734,4114,175816,111482,55926,8407,79583,109124,186310,118170,68140,28800,0.947,0.523,0.464,0.916,0.577
2021-05-30,2021-05-28,5288830,2911482,2140493,236826,29,2921392,2591699,3295305,2452520,334200,2588625,1728360,221400,706680.0,724160,112800,1215,5747825,22019,12946,7918,1151,10017,13066,0,0,0,0,22907,14184,7604,1118,10438,14209,18259,8524,9734,4114,160351,99290,53226,7828,73068,99462,127810,59670,68140,28800,0.951,0.525,0.466,0.92,0.577
2021-05-31,2021-05-28,5288830,2911482,2140493,236826,29,2921392,2591699,3295305,2452520,334200,2588625,1728360,221400,706680.0,724160,112800,1215,5747825,0,0,0,0,0,0,0,0,0,0,19407,11873,6550,984,8910,12117,15404,8524,6880,3443,135850,83114,45849,6885,62373,84816,107830,59670,48160,24100,0.951,0.525,0.466,0.92,0.577
2021-06-01,2021-05-29,5298997,2917820,2143673,237472,32,2926302,2597333,3295305,2452520,334200,2588625,1728360,221400,706680.0,724160,112800,1215,5747825,10167,6338,3180,646,4910,5634,0,0,0,0,19439,11806,6624,1008,8921,12125,15404,8524,6880,3443,136073,82640,46370,7058,62448,84875,107830,59670,48160,24100,0.952,0.526,0.467,0.922,0.577
2021-06-02,2021-05-31,5307794,2922939,2146639,238184,32,2930767,2602326,3323385,2453120,334200,2616075,1728360,221400,707310.0,724760,112800,1215,5776505,8797,5119,2966,712,4465,4993,28680,28080,600,0,18060,10851,6232,977,8460,11173,15294,9360,5934,900,126420,75956,43624,6837,59223,78213,107060,65520,41540,6300,0.954,0.527,0.468,0.919,0.579
2021-06-03,2021-06-01,5320162,2930457,2150941,238733,31,2934955,2610957,3333285,2469600,337500,2618415,1737600,222800,714870.0,732000,114700,1215,5802885,12368,7518,4302,549,4188,8631,26380,9900,16480,3300,15421,9100,5459,862,7065,9702,17617,10774,6843,1114,107947,63701,38210,6032,49456,67913,123320,75420,47900,7800,0.956,0.528,0.469,0.917,0.582
2021-06-04,2021-06-02,5338495,2940947,2157648,239864,36,2942626,2622590,3349665,2477080,338000,2618415,1737600,222800,731250.0,739480,115200,1215,5826745,18333,10490,6707,1131,7671,11633,23860,16380,7480,500,13953,8215,4948,788,6074,8557,16231,10774,5457,1029,97668,57506,34634,5518,42516,59900,113620,75420,38200,7200,0.96,0.529,0.471,0.916,0.584
2021-06-05,2021-06-03,5358944,2954044,2163948,240916,36,2951297,2635381,3357585,2478160,339600,2618415,1737600,222800,739170.0,740560,116800,1215,5835745,20449,13097,6300,1052,8671,12791,9000,7920,1080,1600,13162,7930,4482,749,5703,8107,12560,8897,3663,771,92133,55508,31373,5241,39922,56748,87920,62280,25640,5400,0.963,0.53,0.474,0.918,0.586
2021-06-06,2021-06-04,5379844,2969488,2168374,241944,38,2958628,2650061,3374775,2478160,339600,2627955,1737600,222800,746820.0,740560,116800,1215,5852935,20900,15444,4426,1028,7331,14680,17190,17190,0,0,13002,8287,3983,731,5319,8337,15016,11353,3663,771,91014,58006,27881,5118,37236,58362,105110,79470,25640,5400,0.967,0.532,0.476,0.919,0.587
2021-06-07,2021-06-05,5398438,2983726,2172091,242583,38,2964813,2663064,3384525,2496120,339600,2627955,1755000,222800,756570.0,741120,116800,1215,5880645,18594,14238,3717,639,6185,13003,27710,9750,17960,0,15658,10321,4514,822,6203,10195,18974,12746,6229,771,109608,72244,31598,5757,43421,71365,132820,89220,43600,5400,0.97,0.533,0.479,0.918,0.59
2021-06-08,2021-06-06,5406372,2990249,2173263,242821,39,2966964,2669061,3384525,2496120,339600,2627955,1755000,222800,756570.0,741120,116800,1215,5880645,7934,6523,1172,238,2151,5997,0,0,0,0,15339,10347,4227,764,5809,10247,18974,12746,6229,771,107375,72429,29590,5349,40662,71728,132820,89220,43600,5400,0.972,0.533,0.48,0.919,0.59
2021-06-09,2021-06-07,5422565,3002102,2176886,243532,45,2972489,2680652,3384525,2496500,339600,2627955,1755000,222800,756570.0,741500,116800,1215,5881025,16193,11853,3623,711,5525,11591,380,0,380,0,16396,11309,4321,764,5960,11189,14931,8734,6197,771,114771,79163,30247,5348,41722,78326,104520,61140,43380,5400,0.975,0.534,0.482,0.922,0.59
2021-06-10,2021-06-08,5443293,3018295,2180480,244462,56,2978393,2696380,3384525,2496700,339600,2627955,1755000,222800,756570.0,741700,116800,1215,5881225,20728,16193,3594,930,5904,15728,200,0,200,0,17590,12548,4220,818,6205,12203,11191,7320,3871,300,123131,87838,29539,5729,43438,85423,78340,51240,27100,2100,0.978,0.535,0.485,0.926,0.59
2021-06-11,2021-06-09,5468727,3038310,2184947,245412,58,2985441,2715622,3388485,2501520,339600,2627955,1755000,222800,760530.0,746520,116800,1215,5890005,25434,20015,4467,950,7048,19242,8780,3960,4820,0,18605,13909,3900,793,6116,13290,9037,5546,3491,229,130232,97363,27299,5548,42815,93032,63260,38820,24440,1600,0.983,0.537,0.488,0.928,0.59
2021-06-12,2021-06-10,5490579,3055333,2189081,246101,64,2990883,2732586,3392055,2502740,339600,2627955,1755000,222800,764100.0,747740,116800,1215,5894795,21852,17023,4134,689,5442,16964,4790,3570,1220,0,18805,14470,3590,741,5655,13886,8436,4924,3511,0,131635,101289,25133,5185,39586,97205,59050,34470,24580,0,0.987,0.538,0.491,0.931,0.591
2021-06-13,2021-06-11,5511077,3071120,2192765,247127,65,2996575,2748409,3396735,2502740,339600,2630295,1755000,222800,766440.0,747740,116800,1215,5899475,20498,15787,3684,1026,5692,15823,4680,4680,0,0,18748,14519,3484,740,5421,14050,6649,3137,3511,0,131233,101632,24391,5183,37947,98348,46540,21960,24580,0,0.991,0.539,0.494,0.934,0.591
2021-06-14,2021-06-12,5519554,3077334,2194732,247422,66,2998200,2755522,3396735,2506260,339600,2630295,1758080,222800,766440.0,748180,116800,1215,5902995,8477,6214,1967,295,1625,7113,3520,0,3520,0,17302,13373,3234,691,4770,13208,3193,1744,1449,0,121116,93608,22641,4839,33387,92458,22350,12210,10140,0,0.992,0.539,0.495,0.935,0.592
2021-06-15,2021-06-13,5524057,3080441,2195985,247566,65,2998667,2759751,3397905,2506260,339600,2630295,1758080,222800,767610.0,748180,116800,1215,5904165,4503,3107,1253,144,467,4229,1170,1170,0,0,16812,12885,3246,678,4529,12956,3360,1911,1449,0,117685,90192,22722,4745,31703,90690,23520,13380,10140,0,0.993,0.539,0.496,0.936,0.592
2021-06-16,2021-06-14,5545231,3095962,2200528,248672,69,3005706,2774889,3397905,2506700,339600,2630295,1758380,222800,767610.0,748320,116800,1215,5904605,21174,15521,4543,1106,7039,15138,440,0,440,0,17524,13409,3377,734,4745,13462,3369,1911,1457,0,122666,93860,23642,5140,33217,94237,23580,13380,10200,0,0.997,0.54,0.499,0.939,0.592
2021-06-17,2021-06-15,5561729,3108354,2204042,249275,58,3010116,2787532,3401415,2507600,339600,2630295,1758380,222800,771120.0,749220,116800,1215,5909015,16498,12392,3514,603,4410,12643,4410,3510,900,0,16919,12866,3366,688,4532,13022,3970,2413,1557,0,118436,90059,23562,4813,31723,91152,27790,16890,10900,0,1.0,0.541,0.501,0.941,0.592
2021-06-18,2021-06-16,5578085,3120152,2207887,249985,61,3014795,2799918,3410235,2513020,339600,2630745,1758380,222800,779490.0,754640,116800,1215,5923255,16356,11798,3845,710,4679,12386,14240,8820,5420,0,15623,11692,3277,653,4193,12042,4750,3107,1643,0,109358,81842,22940,4573,29354,84296,33250,21750,11500,0,1.003,0.542,0.503,0.942,0.593
